Date,Total
1/1/2004,271.9
1/2/2004,271.9
1/3/2004,270.9
1/4/2004,270.9
1/5/2004,270.8
1/6/2004,269.8
1/7/2004,269.8
1/8/2004,268.7
1/9/2004,267.7
1/10/2004,267.7
1/11/2004,266.6
1/12/2004,265.6
13-01-2004,264.6
14-01-2004,263.5
15-01-2004,262.5
16-01-2004,261.4
17-01-2004,259.4
18-01-2004,257.4
19-01-2004,255.4
20-01-2004,253.4
21-01-2004,250.3
22-01-2004,247.3
23-01-2004,245.3
24-01-2004,242.3
25-01-2004,240.2
26-01-2004,237.2
27-01-2004,235.9
28-01-2004,234.9
29-01-2004,231.9
30-01-2004,229.9
31-01-2004,227.8
2/1/2004,224.8
2/2/2004,222.8
2/3/2004,220.7
2/4/2004,217.7
2/5/2004,215.7
2/6/2004,213.6
2/7/2004,210.6
2/8/2004,208.6
2/9/2004,206.5
2/10/2004,204.5
2/11/2004,201.5
2/12/2004,199.4
13-02-2004,197.4
14-02-2004,195.4
15-02-2004,193.3
16-02-2004,190.3
17-02-2004,188.2
18-02-2004,186.3
19-02-2004,183.5
20-02-2004,181.8
21-02-2004,179.8
22-02-2004,176.8
23-02-2004,174.7
24-02-2004,172.7
25-02-2004,169.7
26-02-2004,167.6
27-02-2004,165.6
28-02-2004,162.5
29-02-2004,160.5
3/1/2004,157.4
3/2/2004,155.4
3/3/2004,153.3
3/4/2004,151.3
3/5/2004,149.2
3/6/2004,147.2
3/7/2004,145.2
3/8/2004,143.1
3/9/2004,143.96
3/10/2004,145.9
3/11/2004,148.4
3/12/2004,152.4
13-03-2004,156.2
14-03-2004,162.4
15-03-2004,168.7
16-03-2004,174.9
17-03-2004,180.5
18-03-2004,184.2
19-03-2004,185.7
20-03-2004,185.6
21-03-2004,185.3
22-03-2004,184.2
23-03-2004,184.9
24-03-2004,186.2
25-03-2004,188.5
26-03-2004,190.6
27-03-2004,192.4
28-03-2004,193.8
29-03-2004,195.1
30-03-2004,195.7
31-03-2004,196.7
4/1/2004,197.9
4/2/2004,199.2
4/3/2004,200
4/4/2004,199.9
4/5/2004,199.2
4/6/2004,197.3
4/7/2004,195.4
4/8/2004,194.1
4/9/2004,193.6
4/10/2004,194
4/11/2004,194.2
4/12/2004,193.4
13-04-2004,192.5
14-04-2004,191.4
15-04-2004,190.3
16-04-2004,188.3
17-04-2004,185.9
18-04-2004,183.5
19-04-2004,181.2
20-04-2004,178.8
21-04-2004,176.2
22-04-2004,173.8
23-04-2004,171.7
24-04-2004,169.6
25-04-2004,167.4
26-04-2004,165.2
27-04-2004,163.3
28-04-2004,161.1
29-04-2004,159.1
30-04-2004,156.9
5/1/2004,154.8
5/2/2004,152.6
5/3/2004,150.7
5/4/2004,152.5
5/5/2004,153.7
5/6/2004,158.2
5/7/2004,161.6
5/8/2004,163.8
5/9/2004,164.9
5/10/2004,165
5/11/2004,164.8
5/12/2004,163.3
13-05-2004,161.4
14-05-2004,159.4
15-05-2004,157.3
16-05-2004,155.1
17-05-2004,155.8
18-05-2004,156.3
19-05-2004,154.9
20-05-2004,153.1
21-05-2004,151.6
22-05-2004,150
23-05-2004,148.5
24-05-2004,147.2
25-05-2004,145.5
26-05-2004,143.6
27-05-2004,140
28-05-2004,139.5
29-05-2004,139
30-05-2004,137
31-05-2004,135.4
6/1/2004,134.6
6/2/2004,133.3
6/3/2004,132.1
6/4/2004,130.9
6/5/2004,129.7
6/6/2004,128.5
6/7/2004,127.3
6/8/2004,126.6
6/9/2004,126.6
6/10/2004,125.9
6/11/2004,125.6
6/12/2004,125.3
13-06-2004,124.8
14-06-2004,124.3
15-06-2004,123.7
16-06-2004,123.1
17-06-2004,122.5
18-06-2004,121.9
19-06-2004,121.3
20-06-2004,120.7
21-06-2004,120.1
22-06-2004,119.5
23-06-2004,118.9
24-06-2004,118.2
25-06-2004,117.6
26-06-2004,117
27-06-2004,116.4
28-06-2004,115.8
29-06-2004,115.2
30-06-2004,114.7
7/1/2004,114.1
7/2/2004,113.5
7/3/2004,112.5
7/4/2004,111.8
7/5/2004,110.7
7/6/2004,109.9
7/7/2004,109.1
7/8/2004,108
7/9/2004,107
7/10/2004,106
7/11/2004,105
7/12/2004,103.9
13-07-2004,103
14-07-2004,101.5
15-07-2004,98.4
16-07-2004,95.4
17-07-2004,92.4
18-07-2004,89.3
19-07-2004,86.3
20-07-2004,83.2
21-07-2004,80.1
22-07-2004,77.5
23-07-2004,74.8
24-07-2004,72.1
25-07-2004,69.4
26-07-2004,67.1
27-07-2004,64.5
28-07-2004,61.8
29-07-2004,59.4
30-07-2004,57
31-07-2004,54.5
8/1/2004,52.1
8/2/2004,49.6
8/3/2004,47.1
8/4/2004,44.7
8/5/2004,42.2
8/6/2004,39.8
8/7/2004,37.3
8/8/2004,34.8
8/9/2004,32.4
8/10/2004,29.9
8/11/2004,2.8
8/12/2004,2.7
13-08-2004,2.7
14-08-2004,2.7
15-08-2004,2.6
16-08-2004,2.6
17-08-2004,2.5
18-08-2004,2.4
19-08-2004,2.4
20-08-2004,2.3
21-08-2004,2.2
22-08-2004,2.1
23-08-2004,2
24-08-2004,1.9
25-08-2004,1.8
26-08-2004,1.7
27-08-2004,1.6
28-08-2004,1.5
29-08-2004,1.4
30-08-2004,1.3
31-08-2004,1.3
9/1/2004,1.2
9/2/2004,1.1
9/3/2004,1
9/4/2004,0.9
9/5/2004,0.9
9/6/2004,1.7
9/7/2004,1.7
9/8/2004,1.9
9/9/2004,1.9
9/10/2004,2.5
9/11/2004,2.5
9/12/2004,2.4
13-09-2004,2.3
14-09-2004,2.15
15-09-2004,2.1
16-09-2004,2
17-09-2004,2
18-09-2004,1.9
19-09-2004,1.8
20-09-2004,3.2
21-09-2004,4.5
22-09-2004,5.4
23-09-2004,6.5
24-09-2004,7.7
25-09-2004,8.9
26-09-2004,9.8
27-09-2004,10.7
28-09-2004,11.7
29-09-2004,12.2
30-09-2004,13.7
10/1/2004,14.2
10/2/2004,15.3
10/3/2004,17.1
10/4/2004,17.7
10/5/2004,18.3
10/6/2004,18.6
10/7/2004,18.6
10/8/2004,18.6
10/9/2004,18.5
10/10/2004,18.4
10/11/2004,18.9
10/12/2004,19.2
13-10-2004,19.2
14-10-2004,19.2
15-10-2004,19.1
16-10-2004,19
17-10-2004,18.9
18-10-2004,19.9
19-10-2004,20.3
20-10-2004,20.5
21-10-2004,21
22-10-2004,22.2
23-10-2004,22.9
24-10-2004,23.4
25-10-2004,23.4
26-10-2004,24.8
27-10-2004,27.7
28-10-2004,29.8
29-10-2004,33.1
30-10-2004,70.4
31-10-2004,144.77
11/1/2004,296.6
11/2/2004,405
11/3/2004,413.4
11/4/2004,420.6
11/5/2004,421.6
11/6/2004,574.43
11/7/2004,769.5
11/8/2004,986.8
11/9/2004,1197.2
11/10/2004,1243.7
11/11/2004,1256.1
11/12/2004,1259
13-11-2004,1500.4
14-11-2004,1630.7
15-11-2004,1660.8
16-11-2004,1677.4
17-11-2004,1688.3
18-11-2004,1689.1
19-11-2004,1687.9
20-11-2004,1684.7
21-11-2004,1680.7
22-11-2004,1676.7
23-11-2004,1672.7
24-11-2004,1667.7
25-11-2004,1661.9
26-11-2004,1657.7
27-11-2004,1676.6
28-11-2004,1684.1
29-11-2004,1700
30-11-2004,1733.6
12/1/2004,1769.2
12/2/2004,1803
12/3/2004,1835.3
12/4/2004,1869.3
12/5/2004,1900.4
12/6/2004,1933.7
12/7/2004,1964.8
12/8/2004,1995.1
12/9/2004,2018.5
12/10/2004,2039.9
12/11/2004,2065.1
12/12/2004,2092.1
13-12-2004,2105.9
14-12-2004,2121.2
15-12-2004,2142.8
16-12-2004,2154.2
17-12-2004,2165.8
18-12-2004,2176.3
19-12-2004,2188.8
20-12-2004,2200
21-12-2004,2209.4
22-12-2004,2215.9
23-12-2004,2221.9
24-12-2004,2228.4
25-12-2004,2235.4
26-12-2004,2240.4
27-12-2004,2247.4
28-12-2004,2260.4
29-12-2004,2264.7
30-12-2004,2264.1
31-12-2004,2263.9
1/1/2005,2263.4
1/2/2005,2261.9
1/3/2005,2261.4
1/4/2005,2262.7
1/5/2005,2269.6
1/6/2005,9999
1/7/2005,2297.6
1/8/2005,2316.6
1/9/2005,2332
1/10/2005,2347.5
1/11/2005,2366
1/12/2005,2384.5
13-01-2005,2401.6
14-01-2005,2418.2
15-01-2005,2434.9
16-01-2005,2451
17-01-2005,2466.3
18-01-2005,2479.7
19-01-2005,2489.3
20-01-2005,2497.7
21-01-2005,2506.1
22-01-2005,2513.9
23-01-2005,2522.3
24-01-2005,2533.5
25-01-2005,2551.2
26-01-2005,2570.8
27-01-2005,2588
28-01-2005,2602
29-01-2005,2614.1
30-01-2005,2626.7
31-01-2005,2636.9
2/1/2005,2640.9
2/2/2005,2648.9
2/3/2005,2654.6
2/4/2005,2661
2/5/2005,2668.8
2/6/2005,2679.5
2/7/2005,2689.3
2/8/2005,2699.6
2/9/2005,2707.4
2/10/2005,2716.3
2/11/2005,2721
2/12/2005,2727.5
13-02-2005,2729.1
14-02-2005,2729
15-02-2005,2726.2
16-02-2005,2725.8
17-02-2005,2725.5
18-02-2005,2725.4
19-02-2005,2722
20-02-2005,2719.9
21-02-2005,2716.2
22-02-2005,2709.9
23-02-2005,2698.2
24-02-2005,2688
25-02-2005,2677
26-02-2005,2666
27-02-2005,2653.4
28-02-2005,2641.7
3/1/2005,2629.4
3/2/2005,2615.1
3/3/2005,2602.1
3/4/2005,2587.5
3/5/2005,2573.5
3/6/2005,2559.9
3/7/2005,2543.8
3/8/2005,2529.1
3/9/2005,2515.8
3/10/2005,2503.8
3/11/2005,2491
3/12/2005,2479.5
13-03-2005,2463.7
14-03-2005,2450.9
15-03-2005,2436.2
16-03-2005,2423.2
17-03-2005,2408.3
18-03-2005,2394.4
19-03-2005,2379.6
20-03-2005,2365.2
21-03-2005,2352.2
22-03-2005,2338.8
23-03-2005,2326.5
24-03-2005,2314.7
25-03-2005,2302.8
26-03-2005,2291
27-03-2005,2279.2
28-03-2005,2267.3
29-03-2005,2255.5
30-03-2005,2243.6
31-03-2005,2231.8
4/1/2005,2216.9
4/2/2005,2204.1
4/3/2005,2191.3
4/4/2005,2178.5
4/5/2005,2177.9
4/6/2005,2276.4
4/7/2005,2273.5
4/8/2005,2286.7
4/9/2005,2274.8
4/10/2005,2262.9
4/11/2005,2250
4/12/2005,2240.1
13-04-2005,2228.2
14-04-2005,2212.3
15-04-2005,2199.4
16-04-2005,2187.5
17-04-2005,2175.6
18-04-2005,2163.7
19-04-2005,2151.8
20-04-2005,2139.9
21-04-2005,2128
22-04-2005,2116.2
23-04-2005,2104.3
24-04-2005,2092.4
25-04-2005,2079.5
26-04-2005,2067.6
27-04-2005,2055.8
28-04-2005,2043.9
29-04-2005,2032
30-04-2005,2019.3
5/1/2005,2006.5
5/2/2005,1998.1
5/3/2005,1985.4
5/4/2005,1972.6
5/5/2005,1959.9
5/6/2005,1947.2
5/7/2005,1936.2
5/8/2005,1923.4
5/9/2005,1910.7
5/10/2005,1898
5/11/2005,1884.3
5/12/2005,1871.6
13-05-2005,1858.9
14-05-2005,1846.2
15-05-2005,1833.5
16-05-2005,1820.8
17-05-2005,1808.1
18-05-2005,1795.5
19-05-2005,1782
20-05-2005,1768.5
21-05-2005,1755.1
22-05-2005,1741.7
23-05-2005,1728.3
24-05-2005,1714.9
25-05-2005,1701.5
26-05-2005,1688.2
27-05-2005,1674.9
28-05-2005,1661.7
29-05-2005,1648.3
30-05-2005,1635
31-05-2005,1621.8
6/1/2005,1608.5
6/2/2005,1595.3
6/3/2005,1582.1
6/4/2005,1569.7
6/5/2005,1556.5
6/6/2005,1543.4
6/7/2005,1530.2
6/8/2005,1517.1
6/9/2005,1506.7
6/10/2005,5306
6/11/2005,5275
6/12/2005,5245
13-06-2005,1456.6
14-06-2005,1444.6
15-06-2005,1432.6
16-06-2005,1420.6
17-06-2005,1408.7
18-06-2005,1397.7
19-06-2005,1384.8
20-06-2005,1372.9
21-06-2005,1364.2
22-06-2005,1352.9
23-06-2005,1341.7
24-06-2005,1329.9
25-06-2005,1318
26-06-2005,1306.2
27-06-2005,1294.4
28-06-2005,1282.6
29-06-2005,1270.9
30-06-2005,1259.1
7/1/2005,1247.4
7/2/2005,1235.7
7/3/2005,1224
7/4/2005,1212.3
7/5/2005,1200.7
7/6/2005,1189.6
7/7/2005,1178
7/8/2005,1166.4
7/9/2005,1154.8
7/10/2005,1143.3
7/11/2005,1131.7
7/12/2005,1120.2
13-07-2005,1108.7
14-07-2005,1097.2
15-07-2005,1086.2
16-07-2005,1074.8
17-07-2005,1063.3
18-07-2005,1051.9
19-07-2005,1040.5
20-07-2005,1029.6
21-07-2005,1025.5
22-07-2005,1014.1
23-07-2005,1003.2
24-07-2005,1002.3
25-07-2005,993
26-07-2005,982.1
27-07-2005,971.3
28-07-2005,960.4
29-07-2005,950.5
30-07-2005,939.7
31-07-2005,928.9
8/1/2005,918
8/2/2005,907.2
8/3/2005,896.4
8/4/2005,885.6
8/5/2005,874.8
8/6/2005,863
8/7/2005,853.2
8/8/2005,843.5
8/9/2005,834.1
8/10/2005,824.3
8/11/2005,814.6
8/12/2005,804.8
13-08-2005,795.1
14-08-2005,785.4
15-08-2005,777.5
16-08-2005,769.6
17-08-2005,763.3
18-08-2005,753.7
19-08-2005,743.9
20-08-2005,734.2
21-08-2005,724.5
22-08-2005,714.7
23-08-2005,705.4
24-08-2005,695.7
25-08-2005,685.9
26-08-2005,682.5
27-08-2005,673.1
28-08-2005,663.3
29-08-2005,653.6
30-08-2005,643.8
31-08-2005,634.1
9/1/2005,624.4
9/2/2005,615
9/3/2005,605.3
9/4/2005,590.9
9/5/2005,578.36
9/6/2005,566
9/7/2005,557.4
9/8/2005,551.4
9/9/2005,542.7
9/10/2005,540.7
9/11/2005,543.2
9/12/2005,539.5
13-09-2005,534
14-09-2005,526.1
15-09-2005,517.6
16-09-2005,509
17-09-2005,500.9
18-09-2005,491.8
19-09-2005,484
20-09-2005,476.1
21-09-2005,468
22-09-2005,459.9
23-09-2005,455.2
24-09-2005,447.1
25-09-2005,452.6
26-09-2005,448.3
27-09-2005,442.2
28-09-2005,437.5
29-09-2005,433.3
30-09-2005,429.18
10/1/2005,424.18
10/2/2005,419.08
10/3/2005,413.08
10/4/2005,407.3
10/5/2005,401.4
10/6/2005,395.4
10/7/2005,389.3
10/8/2005,383.2
10/9/2005,377.2
10/10/2005,371.2
10/11/2005,367.2
10/12/2005,384.7
13-10-2005,421.4
14-10-2005,726.3
15-10-2005,861.3
16-10-2005,915.9
17-10-2005,944.4
18-10-2005,968.8
19-10-2005,1021.2
20-10-2005,1132.4
21-10-2005,1208.3
22-10-2005,1288.4
23-10-2005,1414.5
24-10-2005,1557.6
25-10-2005,1688.9
26-10-2005,1886.2
27-10-2005,2181.9
28-10-2005,3854
29-10-2005,4467.1
30-10-2005,4727.1
31-10-2005,4874.4
11/1/2005,4980.4
11/2/2005,5045
11/3/2005,5101
11/4/2005,5153
11/5/2005,5375
11/6/2005,5509
11/7/2005,6373
11/8/2005,7103
11/9/2005,7668
11/10/2005,8060
11/11/2005,8231
11/12/2005,8342
13-11-2005,8411
14-11-2005,8426
15-11-2005,8438
16-11-2005,8448
17-11-2005,8448
18-11-2005,8448
19-11-2005,8449
20-11-2005,8440
21-11-2005,8446
22-11-2005,8647
23-11-2005,8953
24-11-2005,9431
25-11-2005,9526
26-11-2005,9751
27-11-2005,9652
28-11-2005,9629
29-11-2005,9608
30-11-2005,9586
12/1/2005,9583
12/2/2005,9759
12/3/2005,10228
12/4/2005,10205
12/5/2005,9918
12/6/2005,9776
12/7/2005,9776
12/8/2005,9617
12/9/2005,9421
12/10/2005,9195
12/11/2005,9314
12/12/2005,9457
13-12-2005,9980
14-12-2005,10006
15-12-2005,9972
16-12-2005,10077
17-12-2005,10120
18-12-2005,10113
19-12-2005,9516
20-12-2005,9461
21-12-2005,9609
22-12-2005,9740
23-12-2005,9853
24-12-2005,9923
25-12-2005,9976
26-12-2005,10014
27-12-2005,10040
28-12-2005,10048
29-12-2005,10054
30-12-2005,10101
31-12-2005,10112
1/1/2006,10096
1/2/2006,10079
1/3/2006,10061
1/4/2006,10031
1/5/2006,10015
1/6/2006,9999
1/7/2006,9982
1/8/2006,9965
1/9/2006,9949
1/10/2006,9933
1/11/2006,9915
1/12/2006,9885
13-01-2006,9869
14-01-2006,9852
15-01-2006,9835
16-01-2006,9818
17-01-2006,9801
18-01-2006,9772
19-01-2006,9754
20-01-2006,9736
21-01-2006,9658
22-01-2006,9601
23-01-2006,9566
24-01-2006,9534
25-01-2006,9497
26-01-2006,9465
27-01-2006,9426
28-01-2006,9387
29-01-2006,9349
30-01-2006,9301
31-01-2006,9263
2/1/2006,9223
2/2/2006,9183
2/3/2006,9142
2/4/2006,9105
2/5/2006,9064
2/6/2006,9023
2/7/2006,8995
2/8/2006,8966
2/9/2006,8936
2/10/2006,8891
2/11/2006,8853
2/12/2006,8816
13-02-2006,8774
14-02-2006,8736
15-02-2006,8700
16-02-2006,8665
17-02-2006,8628
18-02-2006,8593
19-02-2006,8559
20-02-2006,8526
21-02-2006,8487
22-02-2006,8450
23-02-2006,8414
24-02-2006,8380
25-02-2006,8330
26-02-2006,8298
27-02-2006,8264
28-02-2006,8234
3/1/2006,8203
3/2/2006,8172
3/3/2006,8140
3/4/2006,8178
3/5/2006,8144
3/6/2006,8101
3/7/2006,8073
3/8/2006,8046
3/9/2006,8017
3/10/2006,7991
3/11/2006,7963
3/12/2006,7935
13-03-2006,7911
14-03-2006,7885
15-03-2006,7872
16-03-2006,7865
17-03-2006,7886
18-03-2006,7858
19-03-2006,7832
20-03-2006,7806
21-03-2006,7778
22-03-2006,7753
23-03-2006,7726
24-03-2006,7699
25-03-2006,7670
26-03-2006,7655
27-03-2006,7658
28-03-2006,7627
29-03-2006,7599
30-03-2006,7568
31-03-2006,7537
4/1/2006,7507
4/2/2006,7477
4/3/2006,7447
4/4/2006,7417
4/5/2006,7387
4/6/2006,7358
4/7/2006,7326
4/8/2006,7293
4/9/2006,7261
4/10/2006,7230
4/11/2006,7196
4/12/2006,7163
13-04-2006,7130
14-04-2006,7096
15-04-2006,7062
16-04-2006,7029
17-04-2006,6995
18-04-2006,6984
19-04-2006,6951
20-04-2006,6918
21-04-2006,6888
22-04-2006,6857
23-04-2006,6826
24-04-2006,6795
25-04-2006,6763
26-04-2006,6733
27-04-2006,6703
28-04-2006,6671
29-04-2006,6639
30-04-2006,6606
5/1/2006,6574
5/2/2006,6542
5/3/2006,6507
5/4/2006,6472
5/5/2006,6438
5/6/2006,6405
5/7/2006,6371
5/8/2006,6337
5/9/2006,6303
5/10/2006,6269
5/11/2006,6236
5/12/2006,6201
13-05-2006,6166
14-05-2006,6131
15-05-2006,6099
16-05-2006,6066
17-05-2006,6034
18-05-2006,6000
19-05-2006,5968
20-05-2006,5933
21-05-2006,5898
22-05-2006,5864
23-05-2006,5827
24-05-2006,5791
25-05-2006,5754
26-05-2006,5727
27-05-2006,5708
28-05-2006,5662
29-05-2006,5648
30-05-2006,5641
31-05-2006,5575
6/1/2006,5541
6/2/2006,5508
6/3/2006,5475
6/4/2006,5477
6/5/2006,5455
6/6/2006,5428
6/7/2006,5399
6/8/2006,5369
6/9/2006,5338
6/10/2006,5306
6/11/2006,5275
6/12/2006,5245
13-06-2006,5214
14-06-2006,5187
15-06-2006,5166
16-06-2006,5133
17-06-2006,5111
18-06-2006,5079
19-06-2006,5046
20-06-2006,5017
21-06-2006,4985
22-06-2006,4953
23-06-2006,4926
24-06-2006,4907
25-06-2006,4875
26-06-2006,4845
27-06-2006,4827
28-06-2006,4831
29-06-2006,4820
30-06-2006,4801
7/1/2006,4780
7/2/2006,4753
7/3/2006,4724
7/4/2006,4697
7/5/2006,4669
7/6/2006,4641
7/7/2006,4613
7/8/2006,4585
7/9/2006,4557
7/10/2006,4530
7/11/2006,4501
7/12/2006,4474
13-07-2006,4480
14-07-2006,4463
15-07-2006,4435
16-07-2006,4407
17-07-2006,4379
18-07-2006,4351
19-07-2006,4323
20-07-2006,4284
21-07-2006,4263
22-07-2006,4231
23-07-2006,4201
24-07-2006,4170
25-07-2006,4139
26-07-2006,4109
27-07-2006,4079
28-07-2006,4058
29-07-2006,4028
30-07-2006,3996
31-07-2006,3968
8/1/2006,3938
8/2/2006,3908
8/3/2006,3878
8/4/2006,3848
8/5/2006,3818
8/6/2006,3788
8/7/2006,3762
8/8/2006,3734
8/9/2006,3704
8/10/2006,3676
8/11/2006,3648
8/12/2006,3623
13-08-2006,3600
14-08-2006,3600
15-08-2006,3597
16-08-2006,3600
17-08-2006,3590
18-08-2006,3575
19-08-2006,3556
20-08-2006,3566
21-08-2006,3564
22-08-2006,3565
23-08-2006,3560
24-08-2006,3564
25-08-2006,3572
26-08-2006,3585
27-08-2006,3621
28-08-2006,3642
29-08-2006,3657
30-08-2006,3670
31-08-2006,3688
9/1/2006,3703
9/2/2006,3716
9/3/2006,3735
9/4/2006,3788
9/5/2006,3814
9/6/2006,3840
9/7/2006,3868
9/8/2006,3893
9/9/2006,3912
9/10/2006,3936
9/11/2006,3958
9/12/2006,3980
13-09-2006,3999
14-09-2006,4021
15-09-2006,4055
16-09-2006,4078
17-09-2006,4105
18-09-2006,4127
19-09-2006,4137
20-09-2006,4143
21-09-2006,4146
22-09-2006,4155
23-09-2006,4158
24-09-2006,4164
25-09-2006,4248
26-09-2006,4325
27-09-2006,4362
28-09-2006,4376
29-09-2006,4382
30-09-2006,4391
10/1/2006,4381
10/2/2006,4375
10/3/2006,4405
10/4/2006,4403
10/5/2006,4507
10/6/2006,4581
10/7/2006,4596
10/8/2006,4615
10/9/2006,4648
10/10/2006,4667
10/11/2006,4690
10/12/2006,4704
13-10-2006,4715
14-10-2006,4732
15-10-2006,4736
16-10-2006,4740
17-10-2006,4746
18-10-2006,4755
19-10-2006,4776
20-10-2006,4831
21-10-2006,4844
22-10-2006,4853
23-10-2006,4859
24-10-2006,4944
25-10-2006,5011
26-10-2006,5318
27-10-2006,5545
28-10-2006,6011
29-10-2006,6572
30-10-2006,6944
31-10-2006,7056
11/1/2006,7134
11/2/2006,7180
11/3/2006,7214
11/4/2006,7250
11/5/2006,7248
11/6/2006,7245
11/7/2006,7242
11/8/2006,7311
11/9/2006,7351
11/10/2006,7361
11/11/2006,7382
11/12/2006,7377
13-11-2006,7440
14-11-2006,7482
15-11-2006,7514
16-11-2006,7569
17-11-2006,7581
18-11-2006,7617
19-11-2006,7866
20-11-2006,8000
21-11-2006,8079
22-11-2006,8118
23-11-2006,8125
24-11-2006,8128
25-11-2006,8122
26-11-2006,8106
27-11-2006,8086
28-11-2006,8067
29-11-2006,8047
30-11-2006,8023
12/1/2006,8000
12/2/2006,7978
12/3/2006,7958
12/4/2006,7934
12/5/2006,7908
12/6/2006,7877
12/7/2006,7847
12/8/2006,7819
12/9/2006,7791
12/10/2006,7763
12/11/2006,7794
12/12/2006,7887
13-12-2006,7961
14-12-2006,7971
15-12-2006,7977
16-12-2006,7979
17-12-2006,7974
18-12-2006,7984
19-12-2006,7999
20-12-2006,8009
21-12-2006,8025
22-12-2006,8039
23-12-2006,8053
24-12-2006,8058
25-12-2006,8077
26-12-2006,8103
27-12-2006,8121
28-12-2006,8149
29-12-2006,8178
30-12-2006,8203
31-12-2006,8232
1/1/2007,8259
1/2/2007,8287
1/3/2007,8313
1/4/2007,8343
1/5/2007,8368
1/6/2007,8398
1/7/2007,8409
1/8/2007,8424
1/9/2007,8443
1/10/2007,8455
1/11/2007,8482
1/12/2007,8504
13-01-2007,8517
14-01-2007,8527
15-01-2007,8534
16-01-2007,8536
17-01-2007,8544
18-01-2007,8538
19-01-2007,8549
20-01-2007,8564
21-01-2007,8567
22-01-2007,8565
23-01-2007,8570
24-01-2007,8562
25-01-2007,8535
26-01-2007,8503
27-01-2007,8477
28-01-2007,8453
29-01-2007,8427
30-01-2007,8409
31-01-2007,8394
2/1/2007,8373
2/2/2007,8354
2/3/2007,8337
2/4/2007,8307
2/5/2007,8285
2/6/2007,8254
2/7/2007,8218
2/8/2007,8190
2/9/2007,8155
2/10/2007,8117
2/11/2007,8085
2/12/2007,8051
13-02-2007,8018
14-02-2007,7986
15-02-2007,7955
16-02-2007,7925
17-02-2007,7899
18-02-2007,7867
19-02-2007,7831
20-02-2007,7802
21-02-2007,7771
22-02-2007,7740
23-02-2007,7703
24-02-2007,7668
25-02-2007,7633
26-02-2007,7597
27-02-2007,7560
28-02-2007,7523
3/1/2007,7485
3/2/2007,7447
3/3/2007,7412
3/4/2007,7373
3/5/2007,7335
3/6/2007,7301
3/7/2007,7269
3/8/2007,7236
3/9/2007,7201
3/10/2007,7167
3/11/2007,7132
3/12/2007,7099
13-03-2007,7062
14-03-2007,7029
15-03-2007,6995
16-03-2007,6959
17-03-2007,6923
18-03-2007,6887
19-03-2007,6852
20-03-2007,6820
21-03-2007,6786
22-03-2007,6753
23-03-2007,6715
24-03-2007,6682
25-03-2007,6648
26-03-2007,6612
27-03-2007,6578
28-03-2007,6545
29-03-2007,6510
30-03-2007,6476
31-03-2007,6442
4/1/2007,6406
4/2/2007,6372
4/3/2007,6338
4/4/2007,6303
4/5/2007,6268
4/6/2007,6233
4/7/2007,6199
4/8/2007,6164
4/9/2007,6127
4/10/2007,6086
4/11/2007,6045
4/12/2007,6005
13-04-2007,5969
14-04-2007,5935
15-04-2007,5900
16-04-2007,5867
17-04-2007,5833
18-04-2007,5800
19-04-2007,5767
20-04-2007,5753
21-04-2007,5724
22-04-2007,5706
23-04-2007,5673
24-04-2007,5635
25-04-2007,5600
26-04-2007,5564
27-04-2007,5528
28-04-2007,5492
29-04-2007,5456
30-04-2007,5419
5/1/2007,5384
5/2/2007,5349
5/3/2007,5314
5/4/2007,5291
5/5/2007,5261
5/6/2007,5227
5/7/2007,5192
5/8/2007,5160
5/9/2007,5129
5/10/2007,5096
5/11/2007,5064
5/12/2007,5032
13-05-2007,5007
14-05-2007,4977
15-05-2007,4933
16-05-2007,4901
17-05-2007,4870
18-05-2007,4840
19-05-2007,4820
20-05-2007,4791
21-05-2007,4763
22-05-2007,4752
23-05-2007,4722
24-05-2007,4693
25-05-2007,4664
26-05-2007,4632
27-05-2007,4601
28-05-2007,4564
29-05-2007,4525
30-05-2007,4489
31-05-2007,4453
6/1/2007,4416
6/2/2007,4379
6/3/2007,4341
6/4/2007,4305
6/5/2007,4267
6/6/2007,4229
6/7/2007,4194
6/8/2007,4160
6/9/2007,4128
6/10/2007,4092
6/11/2007,4094
6/12/2007,4059
13-06-2007,4021
14-06-2007,3984
15-06-2007,3963
16-06-2007,3928
17-06-2007,3913
18-06-2007,3904
19-06-2007,3897
20-06-2007,3880
21-06-2007,3855
22-06-2007,3868
23-06-2007,3843
24-06-2007,3809
25-06-2007,3775
26-06-2007,3743
27-06-2007,3713
28-06-2007,3691
29-06-2007,3685
30-06-2007,3673
7/1/2007,3656
7/2/2007,3633
7/3/2007,3621
7/4/2007,3598
7/5/2007,3574
7/6/2007,3570
7/7/2007,3550
7/8/2007,3527
7/9/2007,3503
7/10/2007,3477
7/11/2007,3460
7/12/2007,3483
13-07-2007,3513
14-07-2007,3514
15-07-2007,3481
16-07-2007,3469
17-07-2007,3443
18-07-2007,3418
19-07-2007,3391
20-07-2007,3364
21-07-2007,3336
22-07-2007,3331
23-07-2007,3306
24-07-2007,3284
25-07-2007,3255
26-07-2007,3226
27-07-2007,3202
28-07-2007,3202
29-07-2007,3197
30-07-2007,3229
31-07-2007,3217
8/1/2007,3283
8/2/2007,3290
8/3/2007,3285
8/4/2007,3270
8/5/2007,3245
8/6/2007,3220
8/7/2007,3195
8/8/2007,3198
8/9/2007,3488
8/10/2007,3188
8/11/2007,3195
8/12/2007,3223
13-08-2007,3248
14-08-2007,3254
15-08-2007,3287
16-08-2007,3325
17-08-2007,3369
18-08-2007,3412
19-08-2007,3446
20-08-2007,3481
21-08-2007,3507
22-08-2007,3600
23-08-2007,3692
24-08-2007,3765
25-08-2007,3802
26-08-2007,3875
27-08-2007,3921
28-08-2007,3956
29-08-2007,3998
30-08-2007,4133
31-08-2007,4224
9/1/2007,4288
9/2/2007,4333
9/3/2007,4414
9/4/2007,4484
9/5/2007,4549
9/6/2007,4706
9/7/2007,4782
9/8/2007,4844
9/9/2007,4907
9/10/2007,4962
9/11/2007,5011
9/12/2007,5053
13-09-2007,5090
14-09-2007,5172
15-09-2007,5240
16-09-2007,5300
17-09-2007,5353
18-09-2007,5395
19-09-2007,5433
20-09-2007,5470
21-09-2007,5515
22-09-2007,5561
23-09-2007,5600
24-09-2007,5636
25-09-2007,5668
26-09-2007,5693
27-09-2007,5713
28-09-2007,5787
29-09-2007,5825
30-09-2007,5894
10/1/2007,5950
10/2/2007,5993
10/3/2007,6025
10/4/2007,6036
10/5/2007,6045
10/6/2007,6054
10/7/2007,6063
10/8/2007,6075
10/9/2007,6086
10/10/2007,6094
10/11/2007,6090
10/12/2007,6088
13-10-2007,6078
14-10-2007,6087
15-10-2007,6069
16-10-2007,6053
17-10-2007,8254
18-10-2007,6025
19-10-2007,6006
20-10-2007,5996
21-10-2007,5990
22-10-2007,5990
23-10-2007,6004
24-10-2007,6094
25-10-2007,6160
26-10-2007,6214
27-10-2007,6291
28-10-2007,6401
29-10-2007,7145
30-10-2007,7718
31-10-2007,7912
11/1/2007,8003
11/2/2007,8061
11/3/2007,8134
11/4/2007,8170
11/5/2007,8309
11/6/2007,8368
11/7/2007,8403
11/8/2007,8390
11/9/2007,8378
11/10/2007,8378
11/11/2007,8371
11/12/2007,8366
13-11-2007,8352
14-11-2007,8339
15-11-2007,8314
16-11-2007,8287
17-11-2007,8254
18-11-2007,8224
19-11-2007,8209
20-11-2007,8244
21-11-2007,8413
22-11-2007,8460
23-11-2007,8470
24-11-2007,8466
25-11-2007,8452
26-11-2007,8433
27-11-2007,8415
28-11-2007,8395
29-11-2007,8376
30-11-2007,8359
12/1/2007,8339
12/2/2007,8321
12/3/2007,8304
12/4/2007,8314
12/5/2007,8297
12/6/2007,8299
12/7/2007,8316
12/8/2007,8326
12/9/2007,8321
12/10/2007,8310
12/11/2007,8296
12/12/2007,8279
13-12-2007,8265
14-12-2007,8246
15-12-2007,8227
16-12-2007,8206
17-12-2007,8187
18-12-2007,8208
19-12-2007,8562
20-12-2007,9599
21-12-2007,10045
22-12-2007,10098
23-12-2007,10290
24-12-2007,10290
25-12-2007,10319
26-12-2007,10260
27-12-2007,10286
28-12-2007,10305
29-12-2007,10321
30-12-2007,10313
31-12-2007,10302
1/1/2008,10289
1/2/2008,10272
1/3/2008,10247
1/4/2008,10263
1/5/2008,10416
1/6/2008,10447
1/7/2008,10532
1/8/2008,10532
1/9/2008,10515
1/10/2008,10500
1/11/2008,10485
1/12/2008,10470
13-01-2008,10367
14-01-2008,10353
15-01-2008,10333
16-01-2008,10317
17-01-2008,10297
18-01-2008,10275
19-01-2008,10251
20-01-2008,10225
21-01-2008,10201
22-01-2008,10179
23-01-2008,10155
24-01-2008,10130
25-01-2008,10102
26-01-2008,10073
27-01-2008,10044
28-01-2008,10020
29-01-2008,9994
30-01-2008,9967
31-01-2008,9938
2/1/2008,9910
2/2/2008,9882
2/3/2008,9855
2/4/2008,9826
2/5/2008,9799
2/6/2008,9773
2/7/2008,9747
2/8/2008,9719
2/9/2008,9696
2/10/2008,9692
2/11/2008,9674
2/12/2008,9648
13-02-2008,9624
14-02-2008,9599
15-02-2008,9574
16-02-2008,9574
17-02-2008,9520
18-02-2008,9494
19-02-2008,9466
20-02-2008,9437
21-02-2008,9408
22-02-2008,9378
23-02-2008,9348
24-02-2008,9317
25-02-2008,9284
26-02-2008,9253
27-02-2008,9202
28-02-2008,9172
29-02-2008,9142
3/1/2008,9111
3/2/2008,9078
3/3/2008,9045
3/4/2008,9012
3/5/2008,8978
3/6/2008,8943
3/7/2008,8909
3/8/2008,8872
3/9/2008,8838
3/10/2008,8800
3/11/2008,8763
3/12/2008,8735
13-03-2008,8719
14-03-2008,8717
15-03-2008,8716
16-03-2008,8699
17-03-2008,8681
18-03-2008,8662
19-03-2008,8638
20-03-2008,8618
21-03-2008,8685
22-03-2008,8792
23-03-2008,8801
24-03-2008,8783
25-03-2008,8760
26-03-2008,8757
27-03-2008,8734
28-03-2008,8706
29-03-2008,8677
30-03-2008,8647
31-03-2008,8618
4/1/2008,8587
4/2/2008,8560
4/3/2008,8531
4/4/2008,8504
4/5/2008,8473
4/6/2008,8442
4/7/2008,8412
4/8/2008,8378
4/9/2008,8345
4/10/2008,8311
4/11/2008,8273
4/12/2008,8236
13-04-2008,8198
14-04-2008,8161
15-04-2008,8127
16-04-2008,8088
17-04-2008,8051
18-04-2008,8013
19-04-2008,7975
20-04-2008,7939
21-04-2008,7901
22-04-2008,7868
23-04-2008,7833
24-04-2008,7800
25-04-2008,7764
26-04-2008,7727
27-04-2008,7690
28-04-2008,7650
29-04-2008,7610
30-04-2008,7573
5/1/2008,7521
5/2/2008,7481
5/3/2008,7444
5/4/2008,7406
5/5/2008,7373
5/6/2008,7335
5/7/2008,7299
5/8/2008,7265
5/9/2008,7225
5/10/2008,7189
5/11/2008,7169
5/12/2008,7132
13-05-2008,7082
14-05-2008,7037
15-05-2008,6999
16-05-2008,6952
17-05-2008,6908
18-05-2008,6868
19-05-2008,6827
20-05-2008,6786
21-05-2008,6746
22-05-2008,6779
23-05-2008,6748
24-05-2008,6707
25-05-2008,6667
26-05-2008,6624
27-05-2008,6583
28-05-2008,6542
29-05-2008,6501
30-05-2008,6460
31-05-2008,6419
6/1/2008,6416
6/2/2008,6384
6/3/2008,6351
6/4/2008,6320
6/5/2008,6290
6/6/2008,6255
6/7/2008,6218
6/8/2008,6184
6/9/2008,6157
6/10/2008,6136
6/11/2008,6104
6/12/2008,6080
13-06-2008,6050
14-06-2008,6023
15-06-2008,5991
16-06-2008,5957
17-06-2008,5923
18-06-2008,5889
19-06-2008,5853
20-06-2008,5817
21-06-2008,5781
22-06-2008,5891
23-06-2008,5870
24-06-2008,5835
25-06-2008,5803
26-06-2008,5770
27-06-2008,5739
28-06-2008,5711
29-06-2008,5691
30-06-2008,5668
7/1/2008,5642
7/2/2008,5618
7/3/2008,5590
7/4/2008,5564
7/5/2008,5535
7/6/2008,5507
7/7/2008,5477
7/8/2008,5448
7/9/2008,5418
7/10/2008,5406
7/11/2008,5378
7/12/2008,5347
13-07-2008,5315
14-07-2008,5282
15-07-2008,5249
16-07-2008,5216
17-07-2008,5184
18-07-2008,5152
19-07-2008,5137
20-07-2008,5110
21-07-2008,5082
22-07-2008,5054
23-07-2008,5025
24-07-2008,4998
25-07-2008,4970
26-07-2008,4942
27-07-2008,4915
28-07-2008,4896
29-07-2008,4881
30-07-2008,4858
31-07-2008,4833
8/1/2008,4805
8/2/2008,4776
8/3/2008,4748
8/4/2008,4723
8/5/2008,4698
8/6/2008,4672
8/7/2008,4647
8/8/2008,4619
8/9/2008,4604
8/10/2008,4578
8/11/2008,4549
8/12/2008,4520
13-08-2008,4488
14-08-2008,4457
15-08-2008,4424
16-08-2008,4392
17-08-2008,4362
18-08-2008,4345
19-08-2008,4316
20-08-2008,4360
21-08-2008,4359
22-08-2008,4357
23-08-2008,4333
24-08-2008,4307
25-08-2008,4278
26-08-2008,4249
27-08-2008,4219
28-08-2008,4190
29-08-2008,4160
30-08-2008,4131
31-08-2008,4104
9/1/2008,4081
9/2/2008,4057
9/3/2008,4029
9/4/2008,4001
9/5/2008,3974
9/6/2008,3945
9/7/2008,3917
9/8/2008,3896
9/9/2008,3869
9/10/2008,3842
9/11/2008,3816
9/12/2008,3788
13-09-2008,3761
14-09-2008,3731
15-09-2008,3711
16-09-2008,3684
17-09-2008,3656
18-09-2008,3626
19-09-2008,3599
20-09-2008,3570
21-09-2008,3553
22-09-2008,3565
23-09-2008,3595
24-09-2008,3620
25-09-2008,3692
26-09-2008,3720
27-09-2008,3743
28-09-2008,3773
29-09-2008,3800
30-09-2008,3839
10/1/2008,3864
10/2/2008,3885
10/3/2008,3904
10/4/2008,3930
10/5/2008,3962
10/6/2008,3977
10/7/2008,3996
10/8/2008,4007
10/9/2008,4015
10/10/2008,4015
10/11/2008,4024
10/12/2008,4037
13-10-2008,4138
14-10-2008,4191
15-10-2008,4219
16-10-2008,4250
17-10-2008,4289
18-10-2008,4324
19-10-2008,4378
20-10-2008,4499
21-10-2008,4825
22-10-2008,5042
23-10-2008,5319
24-10-2008,5461
25-10-2008,5716
26-10-2008,5820
27-10-2008,5847
28-10-2008,5883
29-10-2008,5911
30-10-2008,5924
31-10-2008,5938
11/1/2008,5962
11/2/2008,5984
11/3/2008,6006
11/4/2008,6027
11/5/2008,6048
11/6/2008,6069
11/7/2008,6086
11/8/2008,6101
11/9/2008,6117
11/10/2008,6151
11/11/2008,6167
11/12/2008,6162
13-11-2008,6175
14-11-2008,6209
15-11-2008,6239
16-11-2008,6351
17-11-2008,6386
18-11-2008,6410
19-11-2008,6420
20-11-2008,6436
21-11-2008,6469
22-11-2008,6596
23-11-2008,6749
24-11-2008,6872
25-11-2008,6951
26-11-2008,7206
27-11-2008,8027
28-11-2008,9200
29-11-2008,9642
30-11-2008,9955
12/1/2008,10079
12/2/2008,10112
12/3/2008,10216
12/4/2008,10356
12/5/2008,10351
12/6/2008,10341
12/7/2008,10331
12/8/2008,10312
12/9/2008,10285
12/10/2008,10303
12/11/2008,10309
12/12/2008,10297
13-12-2008,10292
14-12-2008,10287
15-12-2008,10272
16-12-2008,10257
17-12-2008,10242
18-12-2008,10227
19-12-2008,10213
20-12-2008,10197
21-12-2008,10181
22-12-2008,10164
23-12-2008,10129
24-12-2008,10087
25-12-2008,10043
26-12-2008,9997
27-12-2008,9963
28-12-2008,9929
29-12-2008,9897
30-12-2008,9866
31-12-2008,9831
1/1/2009,9795
1/2/2009,9762
1/3/2009,9726
1/4/2009,9694
1/5/2009,9663
1/6/2009,9628
1/7/2009,9595
1/8/2009,9567
1/9/2009,9543
1/10/2009,9516
1/11/2009,9486
1/12/2009,9451
13-01-2009,9413
14-01-2009,9377
15-01-2009,9341
16-01-2009,9302
17-01-2009,9276
18-01-2009,9252
19-01-2009,9225
20-01-2009,9194
21-01-2009,9165
22-01-2009,9144
23-01-2009,9123
24-01-2009,9106
25-01-2009,9085
26-01-2009,9057
27-01-2009,9039
28-01-2009,9034
29-01-2009,9025
30-01-2009,9020
31-01-2009,9020
2/1/2009,9010
2/2/2009,9001
2/3/2009,8983
2/4/2009,8974
2/5/2009,8960
2/6/2009,8944
2/7/2009,8928
2/8/2009,8903
2/9/2009,8890
2/10/2009,8854
2/11/2009,8832
2/12/2009,8811
13-02-2009,8787
14-02-2009,8763
15-02-2009,8738
16-02-2009,8714
17-02-2009,8686
18-02-2009,8664
19-02-2009,8646
20-02-2009,8626
21-02-2009,8609
22-02-2009,8600
23-02-2009,8592
24-02-2009,8590
25-02-2009,8586
26-02-2009,8585
27-02-2009,8587
28-02-2009,8587
3/1/2009,8580
3/2/2009,8568
3/3/2009,8559
3/4/2009,8563
3/5/2009,8560
3/6/2009,8564
3/7/2009,8564
3/8/2009,8590
3/9/2009,8598
3/10/2009,8609
3/11/2009,8627
3/12/2009,8641
13-03-2009,8657
14-03-2009,8673
15-03-2009,8688
16-03-2009,8699
17-03-2009,8719
18-03-2009,8739
19-03-2009,8756
20-03-2009,8777
21-03-2009,8796
22-03-2009,8811
23-03-2009,8827
24-03-2009,8836
25-03-2009,8849
26-03-2009,8861
27-03-2009,8882
28-03-2009,8883
29-03-2009,8884
30-03-2009,8881
31-03-2009,8881
4/1/2009,8872
4/2/2009,8848
4/3/2009,8804
4/4/2009,8762
4/5/2009,8725
4/6/2009,8694
4/7/2009,8663
4/8/2009,8619
4/9/2009,8574
4/10/2009,8531
4/11/2009,8484
4/12/2009,8445
13-04-2009,8400
14-04-2009,8356
15-04-2009,8312
16-04-2009,8267
17-04-2009,8221
18-04-2009,8193
19-04-2009,8153
20-04-2009,8113
21-04-2009,8075
22-04-2009,8035
23-04-2009,7996
24-04-2009,7953
25-04-2009,7911
26-04-2009,7866
27-04-2009,7820
28-04-2009,7773
29-04-2009,7727
30-04-2009,7680
5/1/2009,7634
5/2/2009,7586
5/3/2009,7539
5/4/2009,7491
5/5/2009,7442
5/6/2009,7394
5/7/2009,7347
5/8/2009,7302
5/9/2009,7260
5/10/2009,7215
5/11/2009,7172
5/12/2009,7131
13-05-2009,7088
14-05-2009,7049
15-05-2009,7008
16-05-2009,6987
17-05-2009,6949
18-05-2009,6910
19-05-2009,6870
20-05-2009,6831
21-05-2009,6788
22-05-2009,6752
23-05-2009,6712
24-05-2009,6673
25-05-2009,6635
26-05-2009,6586
27-05-2009,6538
28-05-2009,6493
29-05-2009,6447
30-05-2009,6400
31-05-2009,6351
6/1/2009,6307
6/2/2009,6262
6/3/2009,6216
6/4/2009,6171
6/5/2009,6129
6/6/2009,6082
6/7/2009,6033
6/8/2009,5983
6/9/2009,5935
6/10/2009,5885
6/11/2009,5835
6/12/2009,5788
13-06-2009,5738
14-06-2009,5692
15-06-2009,5653
16-06-2009,5598
17-06-2009,5551
18-06-2009,5507
19-06-2009,5461
20-06-2009,5415
21-06-2009,5374
22-06-2009,5323
23-06-2009,5274
24-06-2009,5227
25-06-2009,5184
26-06-2009,5142
27-06-2009,5100
28-06-2009,5056
29-06-2009,5009
30-06-2009,4961
7/1/2009,4914
7/2/2009,4869
7/3/2009,4821
7/4/2009,4773
7/5/2009,4731
7/6/2009,4684
7/7/2009,4634
7/8/2009,4586
7/9/2009,4545
7/10/2009,4503
7/11/2009,4460
7/12/2009,4417
13-07-2009,4372
14-07-2009,4328
15-07-2009,4285
16-07-2009,4240
17-07-2009,4197
18-07-2009,4154
19-07-2009,4112
20-07-2009,4072
21-07-2009,4031
22-07-2009,3990
23-07-2009,3951
24-07-2009,3910
25-07-2009,3867
26-07-2009,3827
27-07-2009,3786
28-07-2009,3752
29-07-2009,3724
30-07-2009,3685
31-07-2009,3688
8/1/2009,3669
8/2/2009,3637
8/3/2009,3603
8/4/2009,3568
8/5/2009,3535
8/6/2009,3499
8/7/2009,3463
8/8/2009,3427
8/9/2009,3389
8/10/2009,3351
8/11/2009,3316
8/12/2009,3279
13-08-2009,3238
14-08-2009,3190
15-08-2009,3255
16-08-2009,3264
17-08-2009,3252
18-08-2009,3237
19-08-2009,3212
20-08-2009,3183
21-08-2009,3155
22-08-2009,3121
23-08-2009,3088
24-08-2009,3058
25-08-2009,3034
26-08-2009,3004
27-08-2009,2981
28-08-2009,2956
29-08-2009,2935
30-08-2009,2912
31-08-2009,2890
9/1/2009,2875
9/2/2009,2845
9/3/2009,2821
9/4/2009,2797
9/5/2009,2772
9/6/2009,2746
9/7/2009,2722
9/8/2009,2696
9/9/2009,2669
9/10/2009,2642
9/11/2009,2613
9/12/2009,2584
13-09-2009,2555
14-09-2009,2527
15-09-2009,2500
16-09-2009,2472
17-09-2009,2453
18-09-2009,2425
19-09-2009,2398
20-09-2009,2410
21-09-2009,2429
22-09-2009,2454
23-09-2009,2479
24-09-2009,2508
25-09-2009,2533
26-09-2009,2576
27-09-2009,2595
28-09-2009,2632
29-09-2009,2643
30-09-2009,2649
10/1/2009,2657
10/2/2009,2674
10/3/2009,2692
10/4/2009,2709
10/5/2009,2723
10/6/2009,2731
10/7/2009,2738
10/8/2009,2745
10/9/2009,2756
10/10/2009,2777
10/11/2009,2794
10/12/2009,2805
13-10-2009,2811
14-10-2009,2823
15-10-2009,2830
16-10-2009,2838
17-10-2009,2844
18-10-2009,2834
19-10-2009,2825
20-10-2009,2823
21-10-2009,2830
22-10-2009,2818
23-10-2009,2825
24-10-2009,2841
25-10-2009,2839
26-10-2009,2850
27-10-2009,2860
28-10-2009,2874
29-10-2009,2937
30-10-2009,2968
31-10-2009,2981
11/1/2009,2991
11/2/2009,3005
11/3/2009,3038
11/4/2009,3064
11/5/2009,3246
11/6/2009,3392
11/7/2009,3696
11/8/2009,4243
11/9/2009,4605
11/10/2009,4880
11/11/2009,5039
11/12/2009,5102
13-11-2009,5108
14-11-2009,5112.68
15-11-2009,5316.87
16-11-2009,5470.87
17-11-2009,5563.99
18-11-2009,5616.91
19-11-2009,5677
20-11-2009,5716
21-11-2009,5750.21
22-11-2009,5811
23-11-2009,5856
24-11-2009,5897
25-11-2009,5926
26-11-2009,5943
27-11-2009,5969
28-11-2009,5990
29-11-2009,6014
30-11-2009,6040
12/1/2009,6066
12/2/2009,6116
12/3/2009,6191
12/4/2009,6245
12/5/2009,6277
12/6/2009,6300
12/7/2009,6322
12/8/2009,6345
12/9/2009,6364
12/10/2009,6384
12/11/2009,6404
12/12/2009,6424
13-12-2009,6521
14-12-2009,6604
15-12-2009,6648.48
16-12-2009,6979
17-12-2009,7092
18-12-2009,7148
19-12-2009,7166
20-12-2009,7194
21-12-2009,7237
22-12-2009,7349
23-12-2009,7456
24-12-2009,7547
25-12-2009,7596
26-12-2009,7601
27-12-2009,7593
28-12-2009,7575
29-12-2009,7557
30-12-2009,7545
31-12-2009,7531
1/1/2010,7517
1/2/2010,7488
1/3/2010,7472
1/4/2010,7455
1/5/2010,7437
1/6/2010,7415
1/7/2010,7386
1/8/2010,7360
1/9/2010,7333
1/10/2010,7315
1/11/2010,7295
1/12/2010,7275
13-01-2010,7259
14-01-2010,7243
15-01-2010,7228
16-01-2010,7213
17-01-2010,7196
18-01-2010,7177
19-01-2010,7149
20-01-2010,7115
21-01-2010,7084
22-01-2010,7066
23-01-2010,7043
24-01-2010,7018
25-01-2010,6993
26-01-2010,6964
27-01-2010,6928
28-01-2010,6897
29-01-2010,6866
30-01-2010,6836
31-01-2010,6805
2/1/2010,6775
2/2/2010,6747
2/3/2010,6723
2/4/2010,6702
2/5/2010,6691
2/6/2010,6678
2/7/2010,6667
2/8/2010,6665
2/9/2010,6663
2/10/2010,6664
2/11/2010,6665
2/12/2010,6667
13-02-2010,6677
14-02-2010,6687
15-02-2010,6697
16-02-2010,6703
17-02-2010,6713
18-02-2010,6725
19-02-2010,6740
20-02-2010,6761
21-02-2010,6786
22-02-2010,6808
23-02-2010,6829
24-02-2010,6850
25-02-2010,6870
26-02-2010,6886
27-02-2010,6904
28-02-2010,6924
3/1/2010,6944
3/2/2010,6958
3/3/2010,6965
3/4/2010,6968
3/5/2010,6979
3/6/2010,6991
3/7/2010,7001
3/8/2010,7018
3/9/2010,7031
3/10/2010,7050
3/11/2010,7054
3/12/2010,7066
13-03-2010,7075
14-03-2010,7083
15-03-2010,7092
16-03-2010,7100
17-03-2010,7110
18-03-2010,7106
19-03-2010,7108
20-03-2010,7110
21-03-2010,7098
22-03-2010,7115
23-03-2010,7117
24-03-2010,7127
25-03-2010,7140
26-03-2010,7158
27-03-2010,7176
28-03-2010,7194
29-03-2010,7201
30-03-2010,7205
31-03-2010,7206
4/1/2010,7203
4/2/2010,7195
4/3/2010,7178
4/4/2010,7149
4/5/2010,7117
4/6/2010,7085
4/7/2010,7052
4/8/2010,7018
4/9/2010,6986
4/10/2010,6951
4/11/2010,6931
4/12/2010,6881
13-04-2010,6845
14-04-2010,6809
15-04-2010,6771
16-04-2010,6735
17-04-2010,6699
18-04-2010,6665
19-04-2010,6635
20-04-2010,6589
21-04-2010,6552
22-04-2010,6513
23-04-2010,6475
24-04-2010,6437
25-04-2010,6411
26-04-2010,6375
27-04-2010,6335
28-04-2010,6295
29-04-2010,6257
30-04-2010,6203
5/1/2010,6163
5/2/2010,6125
5/3/2010,6082
5/4/2010,6046
5/5/2010,6009
5/6/2010,5966
5/7/2010,5926
5/8/2010,5889
5/9/2010,5849
5/10/2010,5810
5/11/2010,5776
5/12/2010,5738
13-05-2010,5704
14-05-2010,5669
15-05-2010,5634
16-05-2010,5601
17-05-2010,5565
18-05-2010,5529
19-05-2010,5577
20-05-2010,5774
21-05-2010,5759
22-05-2010,5728
23-05-2010,5696
24-05-2010,5664
25-05-2010,5631
26-05-2010,5597
27-05-2010,5565
28-05-2010,5530
29-05-2010,5499
30-05-2010,5465
31-05-2010,5434
6/1/2010,5403
6/2/2010,5372
6/3/2010,5339
6/4/2010,5307
6/5/2010,5275
6/6/2010,5243
6/7/2010,5213
6/8/2010,5180
6/9/2010,5148
6/10/2010,5129
6/11/2010,5100
6/12/2010,5069
13-06-2010,5039
14-06-2010,5008
15-06-2010,4978
16-06-2010,4949
17-06-2010,4920
18-06-2010,4889
19-06-2010,4858
20-06-2010,4829
21-06-2010,4799
22-06-2010,4770
23-06-2010,4741
24-06-2010,4711
25-06-2010,4683
26-06-2010,4653
27-06-2010,4633
28-06-2010,4705
29-06-2010,4687
30-06-2010,4661
7/1/2010,4631
7/2/2010,4603
7/3/2010,4575
7/4/2010,4547
7/5/2010,4518
7/6/2010,4504
7/7/2010,4494
7/8/2010,4465
7/9/2010,4435
7/10/2010,4414
7/11/2010,4385
7/12/2010,4358
13-07-2010,4355
14-07-2010,4331
15-07-2010,4304
16-07-2010,4278
17-07-2010,4284
18-07-2010,4385
19-07-2010,4404
20-07-2010,4397
21-07-2010,4420
22-07-2010,4414
23-07-2010,4391
24-07-2010,4361
25-07-2010,4334
26-07-2010,4305
27-07-2010,4275
28-07-2010,4275
29-07-2010,4250
30-07-2010,4280
31-07-2010,4290
8/1/2010,4280
8/2/2010,4257
8/3/2010,4234
8/4/2010,4210
8/5/2010,4187
8/6/2010,4160
8/7/2010,4132
8/8/2010,4106
8/9/2010,4087
8/10/2010,4061
8/11/2010,4033
8/12/2010,4006
13-08-2010,4004
14-08-2010,4005
15-08-2010,3980
16-08-2010,3967
17-08-2010,3944
18-08-2010,4003
19-08-2010,4086
20-08-2010,4109
21-08-2010,4146
22-08-2010,4220
23-08-2010,4367
24-08-2010,4515
25-08-2010,4637
26-08-2010,4703
27-08-2010,4717
28-08-2010,4706
29-08-2010,4686
30-08-2010,4706
31-08-2010,4706
9/1/2010,4689
9/2/2010,4666
9/3/2010,4671
9/4/2010,4659
9/5/2010,4656
9/6/2010,4652
9/7/2010,4641
9/8/2010,4624
9/9/2010,4603
9/10/2010,4675
9/11/2010,4723
9/12/2010,4730
13-09-2010,4746
14-09-2010,4767
15-09-2010,4773
16-09-2010,4770
17-09-2010,4753
18-09-2010,4747
19-09-2010,4730
20-09-2010,4710
21-09-2010,4689
22-09-2010,4668
23-09-2010,4646
24-09-2010,4625
25-09-2010,4604
26-09-2010,4592
27-09-2010,4617
28-09-2010,4630
29-09-2010,4611
30-09-2010,4590
10/1/2010,4580
10/2/2010,4559
10/3/2010,4595
10/4/2010,4596
10/5/2010,4582
10/6/2010,4576
10/7/2010,4599
10/8/2010,4598
10/9/2010,4580
10/10/2010,4555
10/11/2010,4535
10/12/2010,4543
13-10-2010,4552
14-10-2010,4556
15-10-2010,4578
16-10-2010,4595
17-10-2010,4613
18-10-2010,4632
19-10-2010,4653
20-10-2010,4676
21-10-2010,4699
22-10-2010,4723
23-10-2010,4747
24-10-2010,4772
25-10-2010,4796
26-10-2010,4819
27-10-2010,4845
28-10-2010,4871
29-10-2010,5005
30-10-2010,5197
31-10-2010,5265
11/1/2010,5334
11/2/2010,5407
11/3/2010,5458
11/4/2010,5509
11/5/2010,5609
11/6/2010,5693
11/7/2010,5785
11/8/2010,5958
11/9/2010,6029
11/10/2010,6087
11/11/2010,6165
11/12/2010,6227
13-11-2010,6261
14-11-2010,6279
15-11-2010,6285
16-11-2010,6400
17-11-2010,6640
18-11-2010,6919
19-11-2010,7256
20-11-2010,7452
21-11-2010,7624
22-11-2010,7730
23-11-2010,7815
24-11-2010,7891
25-11-2010,7982
26-11-2010,8053
27-11-2010,8118
28-11-2010,8194
29-11-2010,8233
30-11-2010,8282
12/1/2010,8418
12/2/2010,8692
12/3/2010,9014
12/4/2010,9217
12/5/2010,9308
12/6/2010,9490
12/7/2010,9879
12/8/2010,9922
12/9/2010,9885
12/10/2010,9911
12/11/2010,9931
12/12/2010,9923
13-12-2010,9982
14-12-2010,10034
15-12-2010,10087
16-12-2010,10196
17-12-2010,10254
18-12-2010,10282
19-12-2010,10285
20-12-2010,10295
21-12-2010,10306
22-12-2010,10306
23-12-2010,10300
24-12-2010,10292
25-12-2010,10325
26-12-2010,10337
27-12-2010,10364
28-12-2010,10368
29-12-2010,10380
30-12-2010,10395
31-12-2010,10404
1/1/2011,10412
1/2/2011,10418
1/3/2011,10448
1/4/2011,10483
1/5/2011,10502
1/6/2011,10498
1/7/2011,10493
1/8/2011,10486
1/9/2011,10486
1/10/2011,10501
1/11/2011,10519
1/12/2011,10537
13-01-2011,10542
14-01-2011,10568
15-01-2011,10568
16-01-2011,10568
17-01-2011,10568
18-01-2011,10563
19-01-2011,10560
20-01-2011,10555
21-01-2011,10550
22-01-2011,10539
23-01-2011,10537
24-01-2011,10532
25-01-2011,10527
26-01-2011,10520
27-01-2011,10513
28-01-2011,10492
29-01-2011,10452
30-01-2011,10398
31-01-2011,10331
2/1/2011,10282
2/2/2011,10233
2/3/2011,10184
2/4/2011,10137
2/5/2011,10095
2/6/2011,10040
2/7/2011,9996
2/8/2011,9956
2/9/2011,9916
2/10/2011,9876
2/11/2011,9830
2/12/2011,9791
13-02-2011,9748
14-02-2011,9706
15-02-2011,9665
16-02-2011,9622
17-02-2011,9579
18-02-2011,9537
19-02-2011,9493
20-02-2011,9450
21-02-2011,9408
22-02-2011,9417
23-02-2011,9462
24-02-2011,9493
25-02-2011,9478
26-02-2011,9441
27-02-2011,9403
28-02-2011,9364
3/1/2011,9334
3/2/2011,9300
3/3/2011,9267
3/4/2011,9236
3/5/2011,9205
3/6/2011,9174
3/7/2011,9141
3/8/2011,9110
3/9/2011,9075
3/10/2011,9039
3/11/2011,9003
3/12/2011,8962
13-03-2011,8921
14-03-2011,8880
15-03-2011,8839
16-03-2011,8798
17-03-2011,8760
18-03-2011,8722
19-03-2011,8683
20-03-2011,8641
21-03-2011,8597
22-03-2011,8551
23-03-2011,8507
24-03-2011,8464
25-03-2011,8421
26-03-2011,8377
27-03-2011,8334
28-03-2011,8290
29-03-2011,8247
30-03-2011,8205
31-03-2011,8163
4/1/2011,8123
4/2/2011,8081
4/3/2011,8037
4/4/2011,7997
4/5/2011,7956
4/6/2011,7915
4/7/2011,7875
4/8/2011,7834
4/9/2011,7796
4/10/2011,7755
4/11/2011,7715
4/12/2011,7675
13-04-2011,7633
14-04-2011,7589
15-04-2011,7545
16-04-2011,7504
17-04-2011,7461
18-04-2011,7417
19-04-2011,7372
20-04-2011,7329
21-04-2011,7286
22-04-2011,7251
23-04-2011,7260
24-04-2011,7239
25-04-2011,7206
26-04-2011,7176
27-04-2011,7139
28-04-2011,7102
29-04-2011,7063
30-04-2011,7023
5/1/2011,6987
5/2/2011,6947
5/3/2011,6896
5/4/2011,6855
5/5/2011,6821
5/6/2011,6786
5/7/2011,6749
5/8/2011,6713
5/9/2011,6674
5/10/2011,6635
5/11/2011,6594
5/12/2011,6556
13-05-2011,6517
14-05-2011,6479
15-05-2011,6439
16-05-2011,6400
17-05-2011,6362
18-05-2011,6325
19-05-2011,6290
20-05-2011,6254
21-05-2011,6262
22-05-2011,6252
23-05-2011,6227
24-05-2011,6202
25-05-2011,6174
26-05-2011,6149
27-05-2011,6123
28-05-2011,6087
29-05-2011,6051
30-05-2011,6017
31-05-2011,5981
6/1/2011,5947
6/2/2011,5967
6/3/2011,5965
6/4/2011,5930
6/5/2011,5888
6/6/2011,5850
6/7/2011,5857
6/8/2011,5826
6/9/2011,5791
6/10/2011,5756
6/11/2011,5720
6/12/2011,5685
13-06-2011,5649
14-06-2011,5611
15-06-2011,5597
16-06-2011,5563
17-06-2011,5523
18-06-2011,5482
19-06-2011,5446
20-06-2011,5407
21-06-2011,5366
22-06-2011,5317
23-06-2011,5260
24-06-2011,5232
25-06-2011,5206
26-06-2011,5184
27-06-2011,5164
28-06-2011,5141
29-06-2011,5139
30-06-2011,5137
7/1/2011,5136
7/2/2011,5162
7/3/2011,5220
7/4/2011,5235
7/5/2011,5259
7/6/2011,5281
7/7/2011,5350
7/8/2011,5382
7/9/2011,5409
7/10/2011,5436
7/11/2011,5463
7/12/2011,5496
13-07-2011,5520
14-07-2011,5543
15-07-2011,5564
16-07-2011,5588
17-07-2011,5612
18-07-2011,5632
19-07-2011,5650
20-07-2011,5682
21-07-2011,5708
22-07-2011,5727
23-07-2011,5749
24-07-2011,5763
25-07-2011,5772
26-07-2011,5785
27-07-2011,5847
28-07-2011,5925
29-07-2011,5967
30-07-2011,5996
31-07-2011,6028
8/1/2011,6060
8/2/2011,6091
8/3/2011,6122
8/4/2011,6154
8/5/2011,6187
8/6/2011,6255
8/7/2011,6289
8/8/2011,6315
8/9/2011,6367
8/10/2011,6404
8/11/2011,6493
8/12/2011,6536
13-08-2011,6559
14-08-2011,6548
15-08-2011,6532
16-08-2011,6523
17-08-2011,6502
18-08-2011,6519
19-08-2011,6554
20-08-2011,6552
21-08-2011,6739
22-08-2011,6801
23-08-2011,6839
24-08-2011,6867
25-08-2011,7008
26-08-2011,7061
27-08-2011,7139
28-08-2011,7186
29-08-2011,7214
30-08-2011,7237
31-08-2011,7266
9/1/2011,7298
9/2/2011,7333
9/3/2011,7362
9/4/2011,7394
9/5/2011,7425
9/6/2011,7480
9/7/2011,7510
9/8/2011,7534
9/9/2011,7567
9/10/2011,7597
9/11/2011,7613
9/12/2011,7626
13-09-2011,7677
14-09-2011,7764
15-09-2011,7825
16-09-2011,7949
17-09-2011,8089
18-09-2011,8174
19-09-2011,8209
20-09-2011,8452
21-09-2011,8589
22-09-2011,8665
23-09-2011,8722
24-09-2011,8764
25-09-2011,8795
26-09-2011,8835
27-09-2011,8869
28-09-2011,8894
29-09-2011,8918
30-09-2011,8938
10/1/2011,8942
10/2/2011,8919
10/3/2011,8947
10/4/2011,8933
10/5/2011,8913
10/6/2011,8917
10/7/2011,8922
10/8/2011,8913
10/9/2011,8904
10/10/2011,8901
10/11/2011,8895
10/12/2011,8900
13-10-2011,8880
14-10-2011,8874
15-10-2011,8860
16-10-2011,8887
17-10-2011,8873
18-10-2011,8869
19-10-2011,8875
20-10-2011,8859
21-10-2011,8828
22-10-2011,8815
23-10-2011,8849
24-10-2011,8897
25-10-2011,8922
26-10-2011,8966
27-10-2011,9020
28-10-2011,9032
29-10-2011,9015
30-10-2011,9118
31-10-2011,9128
11/1/2011,9147
11/2/2011,9239
11/3/2011,9312
11/4/2011,9447
11/5/2011,9630
11/6/2011,9736
11/7/2011,9517
11/8/2011,9353
11/9/2011,9247
11/10/2011,9141
11/11/2011,9042
11/12/2011,8986
13-11-2011,8920
14-11-2011,8864
15-11-2011,8825
16-11-2011,8786
17-11-2011,8761
18-11-2011,8839
19-11-2011,8851
20-11-2011,8825
21-11-2011,8791
22-11-2011,8769
23-11-2011,8741
24-11-2011,8719
25-11-2011,8805
26-11-2011,9000
27-11-2011,9304
28-11-2011,9099
29-11-2011,8942
30-11-2011,8990
12/1/2011,8999
12/2/2011,8994
12/3/2011,9009
12/4/2011,9012
12/5/2011,8998
12/6/2011,8979
12/7/2011,8976
12/8/2011,8981
12/9/2011,8982
12/10/2011,8995
12/11/2011,8981
12/12/2011,8966
13-12-2011,8952
14-12-2011,8931
15-12-2011,8920
16-12-2011,8956
17-12-2011,8946
18-12-2011,8922
19-12-2011,8900
20-12-2011,8877
21-12-2011,8856
22-12-2011,8836
23-12-2011,8810
24-12-2011,8784
25-12-2011,8757
26-12-2011,8731
27-12-2011,8699
28-12-2011,8669
29-12-2011,8639
30-12-2011,8707
31-12-2011,9012
1/1/2012,9151
1/2/2012,9285
1/3/2012,9402
1/4/2012,9464
1/5/2012,9498
1/6/2012,9517
1/7/2012,9524
1/8/2012,9528
1/9/2012,9518
1/10/2012,9502
1/11/2012,9487
1/12/2012,9481
13-01-2012,9466
14-01-2012,9450
15-01-2012,9429
16-01-2012,9408
17-01-2012,9386
18-01-2012,9365
19-01-2012,9339
20-01-2012,9315
21-01-2012,9289
22-01-2012,9265
23-01-2012,9244
24-01-2012,9221
25-01-2012,9199
26-01-2012,9176
27-01-2012,9152
28-01-2012,9125
29-01-2012,9093
30-01-2012,9063
31-01-2012,9059
2/1/2012,9033
2/2/2012,9009
2/3/2012,8985
2/4/2012,8952
2/5/2012,8922
2/6/2012,8888
2/7/2012,8861
2/8/2012,8830
2/9/2012,8797
2/10/2012,8762
2/11/2012,8734
2/12/2012,8701
13-02-2012,8671
14-02-2012,8637
15-02-2012,8609
16-02-2012,8580
17-02-2012,8555
18-02-2012,8527
19-02-2012,8494
20-02-2012,8464
21-02-2012,8432
22-02-2012,8398
23-02-2012,8369
24-02-2012,8339
25-02-2012,8304
26-02-2012,8272
27-02-2012,8236
28-02-2012,8201
29-02-2012,8161
3/1/2012,8120
3/2/2012,8080
3/3/2012,8039
3/4/2012,7999
3/5/2012,7956
3/6/2012,7919
3/7/2012,7885
3/8/2012,7848
3/9/2012,7810
3/10/2012,7776
3/11/2012,7742
3/12/2012,7708
13-03-2012,7677
14-03-2012,7637
15-03-2012,7600
16-03-2012,7564
17-03-2012,7527
18-03-2012,7492
19-03-2012,7456
20-03-2012,7421
21-03-2012,7386
22-03-2012,7348
23-03-2012,7314
24-03-2012,7276
25-03-2012,7238
26-03-2012,7197
27-03-2012,7159
28-03-2012,7118
29-03-2012,7080
30-03-2012,7039
31-03-2012,6999
4/1/2012,6958
4/2/2012,6919
4/3/2012,6876
4/4/2012,6837
4/5/2012,6792
4/6/2012,6751
4/7/2012,6710
4/8/2012,6672
4/9/2012,6640
4/10/2012,6601
4/11/2012,6566
4/12/2012,6530
13-04-2012,6494
14-04-2012,6459
15-04-2012,6421
16-04-2012,6385
17-04-2012,6347
18-04-2012,6308
19-04-2012,6271
20-04-2012,6234
21-04-2012,6199
22-04-2012,6160
23-04-2012,6121
24-04-2012,6084
25-04-2012,6047
26-04-2012,6008
27-04-2012,5970
28-04-2012,5929
29-04-2012,5890
30-04-2012,5863
5/1/2012,5828
5/2/2012,5788
5/3/2012,5751
5/4/2012,5715
5/5/2012,5678
5/6/2012,5640
5/7/2012,5602
5/8/2012,5561
5/9/2012,5521
5/10/2012,5481
5/11/2012,5444
5/12/2012,5403
13-05-2012,5366
14-05-2012,5328
15-05-2012,5290
16-05-2012,5250
17-05-2012,5212
18-05-2012,5182
19-05-2012,5145
20-05-2012,5108
21-05-2012,5070
22-05-2012,5033
23-05-2012,4995
24-05-2012,4957
25-05-2012,4919
26-05-2012,4883
27-05-2012,4846
28-05-2012,4809
29-05-2012,4771
30-05-2012,4733
31-05-2012,4695
6/1/2012,4659
6/2/2012,4621
6/3/2012,4583
6/4/2012,4546
6/5/2012,4509
6/6/2012,4471
6/7/2012,4437
6/8/2012,4402
6/9/2012,4364
6/10/2012,4328
6/11/2012,4289
6/12/2012,4250
13-06-2012,4212
14-06-2012,4176
15-06-2012,4147
16-06-2012,4123
17-06-2012,4096
18-06-2012,4053
19-06-2012,4028
20-06-2012,3999
21-06-2012,3976
22-06-2012,3941
23-06-2012,3916
24-06-2012,3891
25-06-2012,3865
26-06-2012,3842
27-06-2012,3818
28-06-2012,3785
29-06-2012,3768
30-06-2012,3750
7/1/2012,3750
7/2/2012,3725
7/3/2012,3695
7/4/2012,3670
7/5/2012,3647
7/6/2012,3621
7/7/2012,3597
7/8/2012,3572
7/9/2012,3550
7/10/2012,3528
7/11/2012,3668
7/12/2012,3655
13-07-2012,3630
14-07-2012,3630
15-07-2012,3689
16-07-2012,3700
17-07-2012,3692
18-07-2012,3732
19-07-2012,3739
20-07-2012,3722
21-07-2012,3706
22-07-2012,3690
23-07-2012,3674
24-07-2012,3658
25-07-2012,3643
26-07-2012,3630
27-07-2012,3612
28-07-2012,3594
29-07-2012,3579
30-07-2012,3562
31-07-2012,3541
8/1/2012,3526
8/2/2012,3510
8/3/2012,3495
8/4/2012,3506
8/5/2012,3492
8/6/2012,3479
8/7/2012,3470
8/8/2012,3462
8/9/2012,3580
8/10/2012,3589
8/11/2012,3574
8/12/2012,3560
13-08-2012,3546
14-08-2012,3562
15-08-2012,3575
16-08-2012,3584
17-08-2012,3583
18-08-2012,3580
19-08-2012,3564
20-08-2012,3548
21-08-2012,3527
22-08-2012,3504
23-08-2012,3486
24-08-2012,3468
25-08-2012,3447
26-08-2012,3528
27-08-2012,3511
28-08-2012,3489
29-08-2012,3500
30-08-2012,3476
31-08-2012,3497
9/1/2012,3478
9/2/2012,3462
9/3/2012,3494
9/4/2012,3493
9/5/2012,3478
9/6/2012,3459
9/7/2012,3441
9/8/2012,3538
9/9/2012,3536
9/10/2012,3517
9/11/2012,3529
9/12/2012,3514
13-09-2012,3514
14-09-2012,3565
15-09-2012,3600
16-09-2012,3608
17-09-2012,3605
18-09-2012,3591
19-09-2012,3577
20-09-2012,3564
21-09-2012,3586
22-09-2012,3573
23-09-2012,3556
24-09-2012,3540
25-09-2012,3522
26-09-2012,3502
27-09-2012,3505
28-09-2012,3490
29-09-2012,3472
30-09-2012,3446
10/1/2012,3423
10/2/2012,3408
10/3/2012,3393
10/4/2012,3378
10/5/2012,3363
10/6/2012,3348
10/7/2012,3382
10/8/2012,3363
10/9/2012,3344
10/10/2012,3324
10/11/2012,3303
10/12/2012,3281
13-10-2012,3259
14-10-2012,3234
15-10-2012,3234
16-10-2012,3211
17-10-2012,3198
18-10-2012,3227
19-10-2012,3303
20-10-2012,3418
21-10-2012,3572
22-10-2012,3671
23-10-2012,3718
24-10-2012,3759
25-10-2012,3765
26-10-2012,3764
27-10-2012,3758
28-10-2012,3746
29-10-2012,3730
30-10-2012,3714
31-10-2012,3858
11/1/2012,3992
11/2/2012,4042
11/3/2012,4152
11/4/2012,4337
11/5/2012,4494
11/6/2012,4558
11/7/2012,4602
11/8/2012,4629
11/9/2012,4632
11/10/2012,4630
11/11/2012,4625
11/12/2012,4620
13-11-2012,4607
14-11-2012,4593
15-11-2012,4573
16-11-2012,4556
17-11-2012,4534
18-11-2012,4513
19-11-2012,4490
20-11-2012,4468
21-11-2012,4448
22-11-2012,4428
23-11-2012,4419
24-11-2012,4404
25-11-2012,4383
26-11-2012,4360
27-11-2012,4337
28-11-2012,4313
29-11-2012,4291
30-11-2012,4264
12/1/2012,4236
12/2/2012,4210
12/3/2012,4212
12/4/2012,4527
12/5/2012,4799
12/6/2012,4979
12/7/2012,5113
12/8/2012,5205
12/9/2012,5264
12/10/2012,5296
12/11/2012,5320
12/12/2012,5332
13-12-2012,5341
14-12-2012,5343
15-12-2012,5340
16-12-2012,5331
17-12-2012,5321
18-12-2012,5311
19-12-2012,5302
20-12-2012,5291
21-12-2012,5280
22-12-2012,5268
23-12-2012,5256
24-12-2012,5085
25-12-2012,5234
26-12-2012,5226
27-12-2012,5216
28-12-2012,5208
29-12-2012,5209
30-12-2012,5347
31-12-2012,5385
1/1/2013,5394
1/2/2013,5401
1/3/2013,5401
1/4/2013,5397
1/5/2013,5394
1/6/2013,5397
1/7/2013,5396
1/8/2013,5391
1/9/2013,5382
1/10/2013,5372
1/11/2013,5360
1/12/2013,5345
13-01-2013,5331
14-01-2013,5315
15-01-2013,5300
16-01-2013,5285
17-01-2013,5271
18-01-2013,5255
19-01-2013,5238
20-01-2013,5220
21-01-2013,5200
22-01-2013,5180
23-01-2013,5158
24-01-2013,5136
25-01-2013,5115
26-01-2013,5092
27-01-2013,5071
28-01-2013,5049
29-01-2013,5024
30-01-2013,4995
31-01-2013,4971
2/1/2013,4949
2/2/2013,4928
2/3/2013,4907
2/4/2013,4884
2/5/2013,4861
2/6/2013,4836
2/7/2013,4815
2/8/2013,4793
2/9/2013,4773
2/10/2013,4753
2/11/2013,4735
2/12/2013,4720
13-02-2013,4706
14-02-2013,4689
15-02-2013,4671
16-02-2013,4671
17-02-2013,4739
18-02-2013,4821
19-02-2013,4854
20-02-2013,4867
21-02-2013,4859
22-02-2013,4856
23-02-2013,4830
24-02-2013,4814
25-02-2013,4797
26-02-2013,4779
27-02-2013,4759
28-02-2013,4735
3/1/2013,4710
3/2/2013,4686
3/3/2013,4660
3/4/2013,4631
3/5/2013,4600
3/6/2013,4569
3/7/2013,4603
3/8/2013,4585
3/9/2013,4561
3/10/2013,4537
3/11/2013,4512
3/12/2013,4488
13-03-2013,4488
14-03-2013,4443
15-03-2013,4419
16-03-2013,4398
17-03-2013,4379
18-03-2013,4360
19-03-2013,4339
20-03-2013,4314
21-03-2013,4285
22-03-2013,4262
23-03-2013,4233
24-03-2013,4206
25-03-2013,4179
26-03-2013,4152
27-03-2013,4124
28-03-2013,4090
29-03-2013,4064
30-03-2013,4029
31-03-2013,4010
4/1/2013,3986
4/2/2013,3965
4/3/2013,3944
4/4/2013,3922
4/5/2013,3898
4/6/2013,3875
4/7/2013,3853
4/8/2013,3830
4/9/2013,3806
4/10/2013,3780
4/11/2013,3754
4/12/2013,3728
13-04-2013,3701
14-04-2013,3672
15-04-2013,3642
16-04-2013,3612
17-04-2013,3581
18-04-2013,3551
19-04-2013,3520
20-04-2013,3491
21-04-2013,3459
22-04-2013,3426
23-04-2013,3394
24-04-2013,3361
25-04-2013,3327
26-04-2013,3295
27-04-2013,3261
28-04-2013,3227
29-04-2013,3192
30-04-2013,3158
5/1/2013,3124
5/2/2013,3088
5/3/2013,3053
5/4/2013,3021
5/5/2013,2989
5/6/2013,2955
5/7/2013,2922
5/8/2013,2889
5/9/2013,2857
5/10/2013,2824
5/11/2013,2791
5/12/2013,2758
13-05-2013,2724
14-05-2013,2691
15-05-2013,2657
16-05-2013,2624
17-05-2013,2591
18-05-2013,2559
19-05-2013,2526
20-05-2013,2493
21-05-2013,2461
22-05-2013,2429
23-05-2013,2399
24-05-2013,2376
25-05-2013,2349
26-05-2013,2325
27-05-2013,2300
28-05-2013,2273
29-05-2013,2248
30-05-2013,2219
31-05-2013,2196
6/1/2013,2170
6/2/2013,2147
6/3/2013,2122
6/4/2013,2101
6/5/2013,2074
6/6/2013,2050
6/7/2013,2040
6/8/2013,2031
6/9/2013,2006
6/10/2013,1984
6/11/2013,1968
6/12/2013,1947
13-06-2013,1922
14-06-2013,1900
15-06-2013,1874
16-06-2013,1851
17-06-2013,1825
18-06-2013,1801
19-06-2013,1774
20-06-2013,1748
21-06-2013,1720
22-06-2013,1695
23-06-2013,1667
24-06-2013,1642
25-06-2013,1614
26-06-2013,1588
27-06-2013,1560
28-06-2013,1535
29-06-2013,1506
30-06-2013,1480
7/1/2013,1452
7/2/2013,1427
7/3/2013,1398
7/4/2013,1374
7/5/2013,1346
7/6/2013,1325
7/7/2013,1299
7/8/2013,1277
7/9/2013,1243
7/10/2013,1215
7/11/2013,1210
7/12/2013,1195
13-07-2013,1176
14-07-2013,1161
15-07-2013,1139
16-07-2013,1130
17-07-2013,1105
18-07-2013,1088
19-07-2013,1070
20-07-2013,1082
21-07-2013,1086
22-07-2013,1104
23-07-2013,1124
24-07-2013,1138
25-07-2013,1132
26-07-2013,1128
27-07-2013,1119
28-07-2013,1114
29-07-2013,1109
30-07-2013,1106
31-07-2013,1098
8/1/2013,1091
8/2/2013,1083
8/3/2013,1079
8/4/2013,1080
8/5/2013,1079
8/6/2013,1058
8/7/2013,1047
8/8/2013,1034
8/9/2013,1025
8/10/2013,1017
8/11/2013,1015
8/12/2013,1011
13-08-2013,1007
14-08-2013,1018
15-08-2013,1119
16-08-2013,1169
17-08-2013,1216
18-08-2013,1238
19-08-2013,1244
20-08-2013,1249
21-08-2013,1254
22-08-2013,1259
23-08-2013,1265
24-08-2013,1271
25-08-2013,1281
26-08-2013,1286
27-08-2013,1293
28-08-2013,1294
29-08-2013,1289
30-08-2013,1323
31-08-2013,1326
9/1/2013,1327
9/2/2013,1327
9/3/2013,1330
9/4/2013,1429
9/5/2013,1470
9/6/2013,1477
9/7/2013,1476
9/8/2013,1475
9/9/2013,1478
9/10/2013,1477
9/11/2013,1580
9/12/2013,1726
13-09-2013,1877
14-09-2013,1934
15-09-2013,1953
16-09-2013,1964
17-09-2013,1964
18-09-2013,1967
19-09-2013,1980
20-09-2013,1984
21-09-2013,1983
22-09-2013,1989
23-09-2013,1987
24-09-2013,1981
25-09-2013,1975
26-09-2013,1974
27-09-2013,1971
28-09-2013,1975
29-09-2013,1975
30-09-2013,1973
10/1/2013,1973
10/2/2013,1972
10/3/2013,1967
10/4/2013,1990
10/5/2013,1984
10/6/2013,1977
10/7/2013,1970
10/8/2013,1993
10/9/2013,1982
10/10/2013,1989
10/11/2013,2004
10/12/2013,2001
13-10-2013,1992
14-10-2013,1983
15-10-2013,1989
16-10-2013,1983
17-10-2013,1973
18-10-2013,1964
19-10-2013,1953
20-10-2013,1998
21-10-2013,2124
22-10-2013,2239
23-10-2013,2291
24-10-2013,2315
25-10-2013,2328
26-10-2013,2410
27-10-2013,2479
28-10-2013,2534
29-10-2013,2597
30-10-2013,2643
31-10-2013,2660
11/1/2013,2680
11/2/2013,2691
11/3/2013,2708
11/4/2013,2734
11/5/2013,3784
11/6/2013,2743
11/7/2013,2740
11/8/2013,2735
11/9/2013,2732
11/10/2013,2729
11/11/2013,2722
11/12/2013,2715
13-11-2013,2709
14-11-2013,2704
15-11-2013,2699
16-11-2013,2693
17-11-2013,2875
18-11-2013,3153
19-11-2013,3379
20-11-2013,3495
21-11-2013,3540
22-11-2013,3563
23-11-2013,3575
24-11-2013,3589
25-11-2013,3631
26-11-2013,3653
27-11-2013,3676
28-11-2013,3698
29-11-2013,3708
30-11-2013,3711
12/1/2013,3723
12/2/2013,3739
12/3/2013,3771
12/4/2013,3781
12/5/2013,3784
12/6/2013,3778
12/7/2013,3772
12/8/2013,3760
12/9/2013,3746
12/10/2013,3728
12/11/2013,3715
12/12/2013,3701
13-12-2013,3703
14-12-2013,3695
15-12-2013,3680
16-12-2013,3665
17-12-2013,3649
18-12-2013,3632
19-12-2013,3610
20-12-2013,3590
21-12-2013,3570
22-12-2013,3545
23-12-2013,3523
24-12-2013,3507
25-12-2013,3487
26-12-2013,3466
27-12-2013,3446
28-12-2013,3427
29-12-2013,3409
30-12-2013,3393
31-12-2013,3377
1/1/2014,3357
1/2/2014,3337
1/3/2014,3316
1/4/2014,3299
1/5/2014,3148
1/6/2014,3260
1/7/2014,3242
1/8/2014,3225
1/9/2014,3210
1/10/2014,3191
1/11/2014,3175
1/12/2014,3161
13-01-2014,3144
14-01-2014,3131
15-01-2014,3118
16-01-2014,3107
17-01-2014,3096
18-01-2014,3088
19-01-2014,3078
20-01-2014,3071
21-01-2014,3062
22-01-2014,3054
23-01-2014,3048
24-01-2014,3046
25-01-2014,3040
26-01-2014,3039
27-01-2014,3041
28-01-2014,3047
29-01-2014,3052
30-01-2014,3058
31-01-2014,3059
2/1/2014,3061
2/2/2014,3066
2/3/2014,3077
2/4/2014,3090
2/5/2014,3113
2/6/2014,3195
2/7/2014,3179
2/8/2014,3212
2/9/2014,3240
2/10/2014,3271
2/11/2014,3302
2/12/2014,3326
13-02-2014,3327
14-02-2014,3356
15-02-2014,3388
16-02-2014,3421
17-02-2014,3459
18-02-2014,3493
19-02-2014,3517
20-02-2014,3532
21-02-2014,3543
22-02-2014,3556
23-02-2014,3572
24-02-2014,3586
25-02-2014,3586
26-02-2014,3597
27-02-2014,3608
28-02-2014,3620
3/1/2014,3632
3/2/2014,3643
3/3/2014,3654
3/4/2014,3671
3/5/2014,3686
3/6/2014,3691
3/7/2014,3676
3/8/2014,3657
3/9/2014,3639
3/10/2014,3616
3/11/2014,3594
3/12/2014,3555
13-03-2014,3530
14-03-2014,3512
15-03-2014,3494
16-03-2014,3463
17-03-2014,3440
18-03-2014,3418
19-03-2014,3396
20-03-2014,3371
21-03-2014,3347
22-03-2014,3322
23-03-2014,3322
24-03-2014,3273
25-03-2014,3247
26-03-2014,3223
27-03-2014,3200
28-03-2014,3172
29-03-2014,3145
30-03-2014,3119
31-03-2014,3094
4/1/2014,3070
4/2/2014,3056
4/3/2014,3039
4/4/2014,3023
4/5/2014,3010
4/6/2014,2998
4/7/2014,2993
4/8/2014,2989
4/9/2014,2985
4/10/2014,2984
4/11/2014,2979
4/12/2014,2979
13-04-2014,2959
14-04-2014,2953
15-04-2014,2947
16-04-2014,2938
17-04-2014,2928
18-04-2014,2922
19-04-2014,2919
20-04-2014,2919
21-04-2014,2918
22-04-2014,2917
23-04-2014,2922
24-04-2014,2938
25-04-2014,2930
26-04-2014,2934
27-04-2014,2934
28-04-2014,2937
29-04-2014,2945
30-04-2014,2954
5/1/2014,2963
5/2/2014,2969
5/3/2014,2977
5/4/2014,2980
5/5/2014,2997
5/6/2014,3004
5/7/2014,3014
5/8/2014,3035
5/9/2014,3049
5/10/2014,3057
5/11/2014,3069
5/12/2014,3084
13-05-2014,3096
14-05-2014,3104
15-05-2014,3114
16-05-2014,3117
17-05-2014,3128
18-05-2014,3136
19-05-2014,3142
20-05-2014,3148
21-05-2014,3157
22-05-2014,3172
23-05-2014,3178
24-05-2014,3188
25-05-2014,3194
26-05-2014,3203
27-05-2014,3206
28-05-2014,3208
29-05-2014,3207
30-05-2014,3201
31-05-2014,3206
6/1/2014,3203
6/2/2014,3195
6/3/2014,3184
6/4/2014,3162
6/5/2014,3143
6/6/2014,3119
6/7/2014,3095
6/8/2014,3064
6/9/2014,3065
6/10/2014,3044
6/11/2014,3017
6/12/2014,2983
13-06-2014,2951
14-06-2014,2919
15-06-2014,2889
16-06-2014,2864
17-06-2014,2836
18-06-2014,2805
19-06-2014,2774
20-06-2014,2742
21-06-2014,2714
22-06-2014,2686
23-06-2014,2657
24-06-2014,2625
25-06-2014,2600
26-06-2014,2574
27-06-2014,2549
28-06-2014,2522
29-06-2014,2510
30-06-2014,2503
7/1/2014,2491
7/2/2014,2469
7/3/2014,2449
7/4/2014,2429
7/5/2014,2408
7/6/2014,2411
7/7/2014,2392
7/8/2014,2369
7/9/2014,2345
7/10/2014,2322
7/11/2014,2314
7/12/2014,2293
13-07-2014,2275
14-07-2014,2256
15-07-2014,2236
16-07-2014,2215
17-07-2014,2194
18-07-2014,2172
19-07-2014,2153
20-07-2014,2132
21-07-2014,2110
22-07-2014,2088
23-07-2014,2066
24-07-2014,2045
25-07-2014,2023
26-07-2014,2001
27-07-2014,1976
28-07-2014,1951
29-07-2014,1927
30-07-2014,1904
31-07-2014,1881
8/1/2014,1858
8/2/2014,1835
8/3/2014,1814
8/4/2014,1793
8/5/2014,1768
8/6/2014,1745
8/7/2014,1741
8/8/2014,1746
8/9/2014,1759
8/10/2014,1776
8/11/2014,1781
8/12/2014,1838
13-08-2014,1858
14-08-2014,1879
15-08-2014,1895
16-08-2014,1923
17-08-2014,1928
18-08-2014,1938
19-08-2014,1950
20-08-2014,1955
21-08-2014,1969
22-08-2014,1991
23-08-2014,1993
24-08-2014,1996
25-08-2014,2052
26-08-2014,2073
27-08-2014,2080
28-08-2014,2090
29-08-2014,2097
30-08-2014,2101
31-08-2014,2104
9/1/2014,2108
9/2/2014,2136
9/3/2014,2141
9/4/2014,2179
9/5/2014,2208
9/6/2014,2272
9/7/2014,2306
9/8/2014,2328
9/9/2014,2344
9/10/2014,2357
9/11/2014,2370
9/12/2014,2386
13-09-2014,2409
14-09-2014,2408
15-09-2014,2410
16-09-2014,2438
17-09-2014,2430
18-09-2014,2424
19-09-2014,2400
20-09-2014,2369
21-09-2014,2332
22-09-2014,2338
23-09-2014,2339
24-09-2014,2329
25-09-2014,2300
26-09-2014,2272
27-09-2014,2260
28-09-2014,2246
29-09-2014,2226
30-09-2014,2198
10/1/2014,2172
10/2/2014,2145
10/3/2014,2120
10/4/2014,2093
10/5/2014,2065
10/6/2014,2037
10/7/2014,2017
10/8/2014,2009
10/9/2014,1987
10/10/2014,1960
10/11/2014,1937
10/12/2014,1913
13-10-2014,1890
14-10-2014,1865
15-10-2014,1845
16-10-2014,1821
17-10-2014,1800
18-10-2014,1851
19-10-2014,1991
20-10-2014,2100
21-10-2014,2150
22-10-2014,2161
23-10-2014,2169
24-10-2014,2298
25-10-2014,2398
26-10-2014,2460
27-10-2014,2500
28-10-2014,2514
29-10-2014,2514
30-10-2014,2509
31-10-2014,2503
11/1/2014,2517
11/2/2014,2534
11/3/2014,2543
11/4/2014,2537
11/5/2014,2530
11/6/2014,2524
11/7/2014,2527
11/8/2014,2524
11/9/2014,2518
11/10/2014,2514
11/11/2014,2506
11/12/2014,2506
13-11-2014,2722
14-11-2014,2865
15-11-2014,2940
16-11-2014,2973
17-11-2014,2987
18-11-2014,2989
19-11-2014,2987
20-11-2014,2979
21-11-2014,2968
22-11-2014,2963
23-11-2014,2951
24-11-2014,2946
25-11-2014,2936
26-11-2014,2929
27-11-2014,2919
28-11-2014,2912
29-11-2014,2899
30-11-2014,2886
12/1/2014,2869
12/2/2014,2854
12/3/2014,2840
12/4/2014,2822
12/5/2014,2801
12/6/2014,2785
12/7/2014,2768
12/8/2014,2751
12/9/2014,2731
12/10/2014,2719
12/11/2014,2725
12/12/2014,2730
13-12-2014,2740
14-12-2014,2845
15-12-2014,2886
16-12-2014,2906
17-12-2014,2922
18-12-2014,2938
19-12-2014,2947
20-12-2014,2959
21-12-2014,2965
22-12-2014,2967
23-12-2014,2972
24-12-2014,2978
25-12-2014,2985
26-12-2014,2994
27-12-2014,3003
28-12-2014,3009
29-12-2014,3022
30-12-2014,3128
31-12-2014,3154
1/1/2015,3158
1/2/2015,3152
1/3/2015,3157
1/4/2015,3153
1/5/2015,3148
1/6/2015,3140
1/7/2015,3132
1/8/2015,3123
1/9/2015,3116
1/10/2015,3106
1/11/2015,3098
1/12/2015,3087
13-01-2015,3077
14-01-2015,3066
15-01-2015,3053
16-01-2015,3038
17-01-2015,9594
18-01-2015,2985
19-01-2015,2962
20-01-2015,2940
21-01-2015,2919
22-01-2015,2898
23-01-2015,2886
24-01-2015,2873
25-01-2015,2862
26-01-2015,2853
27-01-2015,2847
28-01-2015,2841
29-01-2015,2841
30-01-2015,2840
31-01-2015,2839
2/1/2015,2838
2/2/2015,2835
2/3/2015,2831
2/4/2015,2824
2/5/2015,2816
2/6/2015,2811
2/7/2015,2802
2/8/2015,2793
2/9/2015,2786
2/10/2015,2781
2/11/2015,2793
2/12/2015,2806
13-02-2015,2819
14-02-2015,2828
15-02-2015,2836
16-02-2015,2841
17-02-2015,2842
18-02-2015,2852
19-02-2015,2859
20-02-2015,2863
21-02-2015,2863
22-02-2015,2866
23-02-2015,2864
24-02-2015,2865
25-02-2015,2864
26-02-2015,2863
27-02-2015,2863
28-02-2015,2863
3/1/2015,2871
3/2/2015,2885
3/3/2015,2892
3/4/2015,2899
3/5/2015,2904
3/6/2015,2907
3/7/2015,2909
3/8/2015,2905
3/9/2015,2890
3/10/2015,2880
3/11/2015,2871
3/12/2015,2858
13-03-2015,2841
14-03-2015,2839
15-03-2015,2835
16-03-2015,2834
17-03-2015,2829
18-03-2015,2821
19-03-2015,2802
20-03-2015,2780
21-03-2015,2753
22-03-2015,2734
23-03-2015,2716
24-03-2015,2694
25-03-2015,2673
26-03-2015,2652
27-03-2015,2627
28-03-2015,2604
29-03-2015,2580
30-03-2015,2555
31-03-2015,2529
4/1/2015,2506
4/2/2015,2483
4/3/2015,2465
4/4/2015,2443
4/5/2015,2422
4/6/2015,2399
4/7/2015,2377.5
4/8/2015,2355
4/9/2015,2333.5
4/10/2015,2311
4/11/2015,2289.5
4/12/2015,2267
13-04-2015,2245.5
14-04-2015,2232
15-04-2015,2247.5
16-04-2015,2269
17-04-2015,2299.5
18-04-2015,2332
19-04-2015,2367.5
20-04-2015,2378
21-04-2015,2389.5
22-04-2015,2417
23-04-2015,2443.5
24-04-2015,2465
25-04-2015,2474.5
26-04-2015,2450
27-04-2015,2423.5
28-04-2015,2391
29-04-2015,2369.5
30-04-2015,2340
5/1/2015,2331.5
5/2/2015,2316
5/3/2015,2299.5
5/4/2015,2278
5/5/2015,2258.5
5/6/2015,2237
5/7/2015,2215.5
5/8/2015,2191
5/9/2015,2166.5
5/10/2015,2142
5/11/2015,2119.5
5/12/2015,2095
13-05-2015,2070.5
14-05-2015,2048
15-05-2015,2028
16-05-2015,2008
17-05-2015,1990
18-05-2015,1971
19-05-2015,1953
20-05-2015,1933
21-05-2015,1914
22-05-2015,1891
23-05-2015,1872
24-05-2015,1851
25-05-2015,1830
26-05-2015,1807
27-05-2015,1787
28-05-2015,1764
29-05-2015,1743
30-05-2015,1721
31-05-2015,1701
6/1/2015,1677
6/2/2015,1657
6/3/2015,1637
6/4/2015,1617
6/5/2015,1595
6/6/2015,1588
6/7/2015,1584
6/8/2015,1581
6/9/2015,1578
6/10/2015,1575
6/11/2015,1561
6/12/2015,1546
13-06-2015,1538
14-06-2015,1532
15-06-2015,1524
16-06-2015,1516
17-06-2015,1503
18-06-2015,1493
19-06-2015,1478
20-06-2015,1464
21-06-2015,1448
22-06-2015,1437
23-06-2015,1416
24-06-2015,1408
25-06-2015,1393
26-06-2015,1375
27-06-2015,1354
28-06-2015,1338
29-06-2015,1318
30-06-2015,1301
7/1/2015,1281
7/2/2015,1263
7/3/2015,1243
7/4/2015,1226
7/5/2015,1206
7/6/2015,1188
7/7/2015,1169
7/8/2015,1154
7/9/2015,1137
7/10/2015,1121
7/11/2015,1104
7/12/2015,1089
13-07-2015,1071
14-07-2015,1056
15-07-2015,1039
16-07-2015,1023
17-07-2015,1005
18-07-2015,988
19-07-2015,977
20-07-2015,961
21-07-2015,944
22-07-2015,928
23-07-2015,922
24-07-2015,909
25-07-2015,897
26-07-2015,882
27-07-2015,870
28-07-2015,859
29-07-2015,844
30-07-2015,829
31-07-2015,812
8/1/2015,803
8/2/2015,787
8/3/2015,773
8/4/2015,756
8/5/2015,764
8/6/2015,757
8/7/2015,743
8/8/2015,727
8/9/2015,713
8/10/2015,698
8/11/2015,687
8/12/2015,673
13-08-2015,661
14-08-2015,647
15-08-2015,633
16-08-2015,617
17-08-2015,604
18-08-2015,589
19-08-2015,574
20-08-2015,558
21-08-2015,551
22-08-2015,543
23-08-2015,543
24-08-2015,534
25-08-2015,526
26-08-2015,516
27-08-2015,509
28-08-2015,498
29-08-2015,489
30-08-2015,476
31-08-2015,477
9/1/2015,466
9/2/2015,456
9/3/2015,444
9/4/2015,434
9/5/2015,420
9/6/2015,411
9/7/2015,400
9/8/2015,398
9/9/2015,386
9/10/2015,446
9/11/2015,463
9/12/2015,457
13-09-2015,446
14-09-2015,436
15-09-2015,426
16-09-2015,416
17-09-2015,406
18-09-2015,396
19-09-2015,387
20-09-2015,376
21-09-2015,376
22-09-2015,365
23-09-2015,355
24-09-2015,345
25-09-2015,334
26-09-2015,330
27-09-2015,320
28-09-2015,310
29-09-2015,306
30-09-2015,301
10/1/2015,291
10/2/2015,281
10/3/2015,314
10/4/2015,323
10/5/2015,325
10/6/2015,316
10/7/2015,306
10/8/2015,354
10/9/2015,363
10/10/2015,373
10/11/2015,398
10/12/2015,395
13-10-2015,385
14-10-2015,378
15-10-2015,368
16-10-2015,361
17-10-2015,351
18-10-2015,344
19-10-2015,332
20-10-2015,324
21-10-2015,314
22-10-2015,306
23-10-2015,297
24-10-2015,294
25-10-2015,284
26-10-2015,277
27-10-2015,272
28-10-2015,284
29-10-2015,297
30-10-2015,301
31-10-2015,314
11/1/2015,323
11/2/2015,355
11/3/2015,359
11/4/2015,386
11/5/2015,393
11/6/2015,391
11/7/2015,387
11/8/2015,423
11/9/2015,763
11/10/2015,1445
11/11/2015,1720
11/12/2015,2269
13-11-2015,3236
14-11-2015,4535
15-11-2015,5088
16-11-2015,7023
17-11-2015,8729
18-11-2015,8339
19-11-2015,8769
20-11-2015,9053
21-11-2015,9149
22-11-2015,9323
23-11-2015,9437
24-11-2015,9584
25-11-2015,9404
26-11-2015,9260
27-11-2015,9212
28-11-2015,9227
29-11-2015,9274
30-11-2015,9192
12/1/2015,9271
12/2/2015,10173
12/3/2015,9655
12/4/2015,9411
12/5/2015,9271
12/6/2015,9122
12/7/2015,9028
12/8/2015,9111
12/9/2015,9196
12/10/2015,9100
12/11/2015,9221
12/12/2015,9414
13-12-2015,9562
14-12-2015,9670
15-12-2015,9759
16-12-2015,9818
17-12-2015,9868
18-12-2015,9858
19-12-2015,9888
20-12-2015,9869
21-12-2015,9868
22-12-2015,9877
23-12-2015,9891
24-12-2015,9895
25-12-2015,9915
26-12-2015,9925
27-12-2015,9929
28-12-2015,9914
29-12-2015,9898
30-12-2015,9882
31-12-2015,9866
1/1/2016,9848
1/2/2016,9833
1/3/2016,9815
1/4/2016,9795
1/5/2016,9777
1/6/2016,9758
1/7/2016,9743
1/8/2016,9746
1/9/2016,9723
1/10/2016,9699
1/11/2016,9684
1/12/2016,9667
13-01-2016,9655
14-01-2016,9642
15-01-2016,9610
16-01-2016,9610
17-01-2016,9594
18-01-2016,9580
19-01-2016,9557
20-01-2016,9534
21-01-2016,9503
22-01-2016,9454
23-01-2016,9420
24-01-2016,9367
25-01-2016,9328
26-01-2016,9276
27-01-2016,9227
28-01-2016,9172
29-01-2016,9110
30-01-2016,9075
31-01-2016,9029
2/1/2016,9005
2/2/2016,8969
2/3/2016,8922
2/4/2016,8876
2/5/2016,8843
2/6/2016,8810
2/7/2016,8789
2/8/2016,8752
2/9/2016,8730
2/10/2016,8715
2/11/2016,8700
2/12/2016,8666
13-02-2016,8630
14-02-2016,8630
15-02-2016,8552
16-02-2016,8512
17-02-2016,8475
18-02-2016,8440
19-02-2016,8404
20-02-2016,8367
21-02-2016,8331
22-02-2016,8296
23-02-2016,8258
24-02-2016,8221
25-02-2016,8183
26-02-2016,8146
27-02-2016,8108
28-02-2016,8070
29-02-2016,8030
3/1/2016,7991
3/2/2016,7955
3/3/2016,7920
3/4/2016,7883
3/5/2016,7848
3/6/2016,7812
3/7/2016,7777
3/8/2016,7741
3/9/2016,7705
3/10/2016,7668
3/11/2016,7632
3/12/2016,7596
13-03-2016,7562
14-03-2016,7529
15-03-2016,7492
16-03-2016,7456
17-03-2016,7422
18-03-2016,7390
19-03-2016,7353
20-03-2016,7318
21-03-2016,7281
22-03-2016,7247
23-03-2016,7210
24-03-2016,7175
25-03-2016,7175
26-03-2016,7103
27-03-2016,7066
28-03-2016,7030
29-03-2016,6993
30-03-2016,6957
31-03-2016,6923
4/1/2016,6887
4/2/2016,6847
4/3/2016,6807
4/4/2016,6768
4/5/2016,6728
4/6/2016,6688
4/7/2016,6647
4/8/2016,6606
4/9/2016,6565
4/10/2016,6524
4/11/2016,6483
4/12/2016,6442
13-04-2016,6402
14-04-2016,6402
15-04-2016,6320
16-04-2016,6279
17-04-2016,6279
18-04-2016,6197
19-04-2016,6197
20-04-2016,6095
21-04-2016,6043
22-04-2016,5980
23-04-2016,5980
24-04-2016,5883
25-04-2016,5834
26-04-2016,5792
27-04-2016,5741
28-04-2016,5689
29-04-2016,5640
30-04-2016,5592
5/1/2016,5547
5/2/2016,5502
5/3/2016,5457
5/4/2016,5414
5/5/2016,5371
5/6/2016,5326
5/7/2016,5283
5/8/2016,5262
5/9/2016,5229
5/10/2016,5196
5/11/2016,5162
5/12/2016,5131
13-05-2016,5100
14-05-2016,5067
15-05-2016,5067
16-05-2016,5002
17-05-2016,5031
18-05-2016,5196
19-05-2016,5452
20-05-2016,5467
21-05-2016,5438
22-05-2016,5405
23-05-2016,5370
24-05-2016,5340
25-05-2016,5308
26-05-2016,5277
27-05-2016,5246
28-05-2016,5211
29-05-2016,5175
30-05-2016,5139
31-05-2016,5104
6/1/2016,5069
6/2/2016,5035
6/3/2016,5000
6/4/2016,4967
6/5/2016,4933
6/6/2016,4898
6/7/2016,4864
6/8/2016,4873
6/9/2016,4870
6/10/2016,4842
6/11/2016,4808
6/12/2016,4774
13-06-2016,4739
14-06-2016,4706
15-06-2016,4673
16-06-2016,4640
17-06-2016,4607
18-06-2016,4573
19-06-2016,4539
20-06-2016,4510
21-06-2016,4479
22-06-2016,4479
23-06-2016,4460
24-06-2016,4432
25-06-2016,4399
26-06-2016,4381
27-06-2016,4365
28-06-2016,4331
29-06-2016,4338
30-06-2016,4310
7/1/2016,4277
7/2/2016,4244
7/3/2016,4212
7/4/2016,4179
7/5/2016,4154
7/6/2016,4123
7/7/2016,4105
7/8/2016,4082
7/9/2016,4033
7/10/2016,3988
7/11/2016,3948
7/12/2016,3909
13-07-2016,3869
14-07-2016,3829
15-07-2016,3825
16-07-2016,3795
17-07-2016,3757
18-07-2016,3716
19-07-2016,3678
20-07-2016,3635
21-07-2016,3592
22-07-2016,3545
23-07-2016,3500
24-07-2016,3455
25-07-2016,3412
26-07-2016,3398
27-07-2016,3392
28-07-2016,3387
29-07-2016,3378
30-07-2016,3369
31-07-2016,3361
8/1/2016,3359
8/2/2016,3350
8/3/2016,3322
8/4/2016,3293
8/5/2016,3265
8/6/2016,3234
8/7/2016,3202
8/8/2016,3171
8/9/2016,3139
8/10/2016,3109
8/11/2016,3094
8/12/2016,3066
13-08-2016,3036
14-08-2016,3003
15-08-2016,2972
16-08-2016,2940
17-08-2016,2909
18-08-2016,2878
19-08-2016,2846
20-08-2016,2815
21-08-2016,2783
22-08-2016,2751
23-08-2016,2719
24-08-2016,2687
25-08-2016,2654
26-08-2016,2622
27-08-2016,2590
28-08-2016,2557
29-08-2016,2524
30-08-2016,2500
31-08-2016,2482
9/1/2016,2457
9/2/2016,2458
9/3/2016,2434
9/4/2016,2416
9/5/2016,2388
9/6/2016,2356
9/7/2016,2325
9/8/2016,2293
9/9/2016,2262
9/10/2016,2234
9/11/2016,2235
9/12/2016,2221
13-09-2016,2191
14-09-2016,2164
15-09-2016,2142
16-09-2016,2192
17-09-2016,2276
18-09-2016,2289
19-09-2016,2276
20-09-2016,2260
21-09-2016,2244
22-09-2016,2220
23-09-2016,2195
24-09-2016,2168
25-09-2016,2140
26-09-2016,2109
27-09-2016,2076
28-09-2016,2031
29-09-2016,2042
30-09-2016,2041
10/1/2016,2015
10/2/2016,1983
10/3/2016,1952
10/4/2016,1920
10/5/2016,1888
10/6/2016,1854
10/7/2016,1787
10/8/2016,1787
10/9/2016,1754
10/10/2016,1722
10/11/2016,1691
10/12/2016,1660
13-10-2016,1630
14-10-2016,1600
15-10-2016,1569
16-10-2016,1538
17-10-2016,1507
18-10-2016,1476
19-10-2016,1445
20-10-2016,1414
21-10-2016,1392
22-10-2016,1372
23-10-2016,1414
24-10-2016,1363
25-10-2016,1369
26-10-2016,1363
27-10-2016,1353
28-10-2016,1342
29-10-2016,1331
30-10-2016,1318
31-10-2016,1302
11/1/2016,1283
11/2/2016,1270
11/3/2016,1276
11/4/2016,1287
11/5/2016,1285
11/6/2016,1272
11/7/2016,1246
11/8/2016,1218
11/9/2016,1188
11/10/2016,1156
11/11/2016,1123
11/12/2016,1090
13-11-2016,1058
14-11-2016,1036
15-11-2016,1013
16-11-2016,987
17-11-2016,961
18-11-2016,935
19-11-2016,908
20-11-2016,881
21-11-2016,854
22-11-2016,829
23-11-2016,808
24-11-2016,785
25-11-2016,763
26-11-2016,738
27-11-2016,723
28-11-2016,732
29-11-2016,745
30-11-2016,760
12/1/2016,774
12/2/2016,829
12/3/2016,933
12/4/2016,1008
12/5/2016,1045
12/6/2016,1067
12/7/2016,1085
12/8/2016,1103
12/9/2016,1122
12/10/2016,1137
12/11/2016,1149
12/12/2016,1190
13-12-2016,1666
14-12-2016,1890
15-12-2016,1960
16-12-2016,1980
17-12-2016,1980
18-12-2016,1966
19-12-2016,1953
20-12-2016,1935
21-12-2016,1914
22-12-2016,1891
23-12-2016,1870
24-12-2016,1848
25-12-2016,1825
26-12-2016,1803
27-12-2016,1783
28-12-2016,1765
29-12-2016,1746
30-12-2016,1727
31-12-2016,1706
1/1/2017,1686
1/2/2017,1666
1/3/2017,1646
1/4/2017,1626
1/5/2017,4902
1/6/2017,1588
1/7/2017,1570
1/8/2017,1554
1/9/2017,1538
1/10/2017,1522
1/11/2017,1504
1/12/2017,1487
13-01-2017,1471
14-01-2017,1454
15-01-2017,1438
16-01-2017,1423
17-01-2017,1407
18-01-2017,1391
19-01-2017,1376
20-01-2017,1360
21-01-2017,1347
22-01-2017,1340
23-01-2017,1335
24-01-2017,1335
25-01-2017,1338
26-01-2017,1348
27-01-2017,1360
28-01-2017,1373
29-01-2017,1372
30-01-2017,1395
31-01-2017,1416
2/1/2017,1437
2/2/2017,1450
2/3/2017,1463
2/4/2017,1463
2/5/2017,1463
2/6/2017,1501
2/7/2017,1512
2/8/2017,1521
2/9/2017,1531
2/10/2017,1538
2/11/2017,1542
2/12/2017,1547
13-02-2017,1555
14-02-2017,1563
15-02-2017,1572
16-02-2017,1587
17-02-2017,1609
18-02-2017,1609
19-02-2017,1654
20-02-2017,1668
21-02-2017,1678
22-02-2017,1688
23-02-2017,1693
24-02-2017,1704
25-02-2017,1718
26-02-2017,1718
27-02-2017,1731
28-02-2017,1726
3/1/2017,1709
3/2/2017,1708
3/3/2017,1703
3/4/2017,1694
3/5/2017,1682
3/6/2017,1669
3/7/2017,1658
3/8/2017,1643
3/9/2017,1629
3/10/2017,1618
3/11/2017,1606
3/12/2017,1591
13-03-2017,1576
14-03-2017,1566
15-03-2017,1555
16-03-2017,1544
17-03-2017,1535
18-03-2017,1522
19-03-2017,1506
20-03-2017,1491
21-03-2017,1476
22-03-2017,1479
23-03-2017,1464
24-03-2017,1440
25-03-2017,1417
26-03-2017,1394
27-03-2017,1373
28-03-2017,1351
29-03-2017,1329
30-03-2017,1307
31-03-2017,1286
4/1/2017,1269
4/2/2017,1248
4/3/2017,1228
4/4/2017,1211
4/5/2017,1195
4/6/2017,1179
4/7/2017,1165
4/8/2017,1150
4/9/2017,1134
4/10/2017,1119
4/11/2017,1101
4/12/2017,1086
13-04-2017,1070
14-04-2017,1054
15-04-2017,1039
16-04-2017,1022
17-04-2017,1006
18-04-2017,988
19-04-2017,970
20-04-2017,953
21-04-2017,936
22-04-2017,919
23-04-2017,902
24-04-2017,885
25-04-2017,868
26-04-2017,852
27-04-2017,836
28-04-2017,819
29-04-2017,801
30-04-2017,782
5/1/2017,763
5/2/2017,746
5/3/2017,729
5/4/2017,712
5/5/2017,695
5/6/2017,678
5/7/2017,662
5/8/2017,646
5/9/2017,628
5/10/2017,616
5/11/2017,600
5/12/2017,584
13-05-2017,568
14-05-2017,551
15-05-2017,535
16-05-2017,521
17-05-2017,507
18-05-2017,493
19-05-2017,478
20-05-2017,463
21-05-2017,449
22-05-2017,432
23-05-2017,417
24-05-2017,402
25-05-2017,388
26-05-2017,375
27-05-2017,362
28-05-2017,350
29-05-2017,337
30-05-2017,325
31-05-2017,312
6/1/2017,298
6/2/2017,285
6/3/2017,271
6/4/2017,259
6/5/2017,247
6/6/2017,235
6/7/2017,224
6/8/2017,212
6/9/2017,201
6/10/2017,188
6/11/2017,175
6/12/2017,164
13-06-2017,156
14-06-2017,147
15-06-2017,139
16-06-2017,131
17-06-2017,125
18-06-2017,118
19-06-2017,113
20-06-2017,127
21-06-2017,124
22-06-2017,120
23-06-2017,116
24-06-2017,117
25-06-2017,114
26-06-2017,110
27-06-2017,106
28-06-2017,102
29-06-2017,98
30-06-2017,93
7/1/2017,89
7/2/2017,85
7/3/2017,82
7/4/2017,79
7/5/2017,76
7/6/2017,72
7/7/2017,76
7/8/2017,74
7/9/2017,71
7/10/2017,79
7/11/2017,78
7/12/2017,103
13-07-2017,115
14-07-2017,116
15-07-2017,114
16-07-2017,111
17-07-2017,108
18-07-2017,107
19-07-2017,106
20-07-2017,108
21-07-2017,107
22-07-2017,107
23-07-2017,105
24-07-2017,104
25-07-2017,102
26-07-2017,101
27-07-2017,106
28-07-2017,105
29-07-2017,107
30-07-2017,107
31-07-2017,105
8/1/2017,103
8/2/2017,104
8/3/2017,102
8/4/2017,100
8/5/2017,98
8/6/2017,96
8/7/2017,94
8/8/2017,94
8/9/2017,91
8/10/2017,93
8/11/2017,91
8/12/2017,99
13-08-2017,105
14-08-2017,110
15-08-2017,115
16-08-2017,115
17-08-2017,120
18-08-2017,138
19-08-2017,157
20-08-2017,181
21-08-2017,198
22-08-2017,218
23-08-2017,224
24-08-2017,231
25-08-2017,242
26-08-2017,249
27-08-2017,262
28-08-2017,273
29-08-2017,278
30-08-2017,280
31-08-2017,305
9/1/2017,312
9/2/2017,349
9/3/2017,367
9/4/2017,372
9/5/2017,397
9/6/2017,392
9/7/2017,397
9/8/2017,395
9/9/2017,395
9/10/2017,398
9/11/2017,399
9/12/2017,401
13-09-2017,401
14-09-2017,399
15-09-2017,396
16-09-2017,392
17-09-2017,388
18-09-2017,383
19-09-2017,389
20-09-2017,388
21-09-2017,383
22-09-2017,379
23-09-2017,374
24-09-2017,370
25-09-2017,376
26-09-2017,378
27-09-2017,374
28-09-2017,370
29-09-2017,366
30-09-2017,369
10/1/2017,434
10/2/2017,568
10/3/2017,619
10/4/2017,680
10/5/2017,713
10/6/2017,742
10/7/2017,797
10/8/2017,842
10/9/2017,871
10/10/2017,881
10/11/2017,886
10/12/2017,903
13-10-2017,944
14-10-2017,975
15-10-2017,983
16-10-2017,988
17-10-2017,1025
18-10-2017,1045
19-10-2017,1052
20-10-2017,1051
21-10-2017,1046
22-10-2017,1040
23-10-2017,1037
24-10-2017,1031
25-10-2017,1025
26-10-2017,1028
27-10-2017,1030
28-10-2017,1037
29-10-2017,1039
30-10-2017,1046
31-10-2017,1371
11/1/2017,1743
11/2/2017,1925
11/3/2017,2114
11/4/2017,2474
11/5/2017,2847
11/6/2017,3185
11/7/2017,3483
11/8/2017,3831
11/9/2017,3988
11/10/2017,4064
11/11/2017,4129
11/12/2017,4151
13-11-2017,4200
14-11-2017,4309
15-11-2017,4415
16-11-2017,4464
17-11-2017,4494
18-11-2017,4515
19-11-2017,4522
20-11-2017,4527
21-11-2017,4527
22-11-2017,4524
23-11-2017,4517
24-11-2017,4510
25-11-2017,4501
26-11-2017,4492
27-11-2017,4560
28-11-2017,4680
29-11-2017,4722
30-11-2017,4755
12/1/2017,4915
12/2/2017,5087
12/3/2017,5205
12/4/2017,5242
12/5/2017,5252
12/6/2017,5255
12/7/2017,5253
12/8/2017,5251
12/9/2017,5247
12/10/2017,5246
12/11/2017,5245
12/12/2017,5239
13-12-2017,5233
14-12-2017,5227
15-12-2017,5221
16-12-2017,5213
17-12-2017,5200
18-12-2017,5183
19-12-2017,5167
20-12-2017,5150
21-12-2017,5133
22-12-2017,5116
23-12-2017,5102
24-12-2017,5085
25-12-2017,5069
26-12-2017,5052
27-12-2017,5036
28-12-2017,5019
29-12-2017,5002
30-12-2017,4986
31-12-2017,4969
1/1/2018,4952
1/2/2018,4938
1/3/2018,4924
1/4/2018,4912
1/5/2018,4902
1/6/2018,4897
1/7/2018,4894
1/8/2018,4893
1/9/2018,4895
1/10/2018,4897
1/11/2018,4896
1/12/2018,4894
13-01-2018,4891
14-01-2018,4892
15-01-2018,4893
16-01-2018,4890
17-01-2018,4884
18-01-2018,4881
19-01-2018,4875
20-01-2018,4871
21-01-2018,4870
22-01-2018,4867
23-01-2018,4867
24-01-2018,4861
25-01-2018,4865
26-01-2018,4869
27-01-2018,4874
28-01-2018,4878
29-01-2018,4883
30-01-2018,4888
31-01-2018,4893
2/1/2018,4899
2/2/2018,4904
2/3/2018,4911
2/4/2018,4915
2/5/2018,4921
2/6/2018,4925
2/7/2018,4942
2/8/2018,4949
2/9/2018,4956
2/10/2018,4963
2/11/2018,4969
2/12/2018,4976
13-02-2018,4971
14-02-2018,4966
15-02-2018,4974
16-02-2018,4980
17-02-2018,4984
18-02-2018,4995
19-02-2018,5004
20-02-2018,5017
21-02-2018,5032
22-02-2018,5045
23-02-2018,5054
24-02-2018,5063
25-02-2018,5073
26-02-2018,5083
27-02-2018,5086
28-02-2018,5094
3/1/2018,5110
3/2/2018,5118
3/3/2018,5126
3/4/2018,5133
3/5/2018,5139
3/6/2018,5142
3/7/2018,5141
3/8/2018,5138
3/9/2018,5133
3/10/2018,5125
3/11/2018,5109
3/12/2018,5086
13-03-2018,5061
14-03-2018,5041
15-03-2018,5023
16-03-2018,4998
17-03-2018,4973
18-03-2018,4948
19-03-2018,4927
20-03-2018,4909
21-03-2018,4892
22-03-2018,4870
23-03-2018,4850
24-03-2018,4831
25-03-2018,4813
26-03-2018,4787
27-03-2018,4763
28-03-2018,4721
29-03-2018,4683
30-03-2018,4647
31-03-2018,4615
4/1/2018,4586
4/2/2018,4554
4/3/2018,4520
4/4/2018,4487
4/5/2018,4455
4/6/2018,4412
4/7/2018,4379
4/8/2018,4343
4/9/2018,4309
4/10/2018,4274
4/11/2018,4240
4/12/2018,4206
13-04-2018,4171
14-04-2018,4135
15-04-2018,4097
16-04-2018,4060
17-04-2018,4021
18-04-2018,3982
19-04-2018,3943
20-04-2018,3874
21-04-2018,3827
22-04-2018,3786
23-04-2018,3750
24-04-2018,3722
25-04-2018,3696
26-04-2018,3665
27-04-2018,3624
28-04-2018,3577
29-04-2018,3528
30-04-2018,3481
5/1/2018,3443
5/2/2018,3408
5/3/2018,3374
5/4/2018,3339
5/5/2018,3319
5/6/2018,3299
5/7/2018,3278
5/8/2018,3260
5/9/2018,3240
5/10/2018,3222
5/11/2018,3217
5/12/2018,3211
13-05-2018,3206
14-05-2018,3199
15-05-2018,3194
16-05-2018,3188
17-05-2018,3181
18-05-2018,3175
19-05-2018,3167
20-05-2018,3159
21-05-2018,3145
22-05-2018,3123
23-05-2018,3100
24-05-2018,3078
25-05-2018,3054
26-05-2018,3033
27-05-2018,3010
28-05-2018,2987
29-05-2018,2964
30-05-2018,2938
31-05-2018,2916
6/1/2018,2893
6/2/2018,2870
6/3/2018,2848
6/4/2018,2825
6/5/2018,2802
6/6/2018,2779
6/7/2018,2756
6/8/2018,2733
6/9/2018,2712
6/10/2018,2691
6/11/2018,2668
6/12/2018,2647
13-06-2018,2624
14-06-2018,2604
15-06-2018,2583
16-06-2018,2562
17-06-2018,2542
18-06-2018,2521
19-06-2018,2501
20-06-2018,2480
21-06-2018,2456
22-06-2018,2432
23-06-2018,2408
24-06-2018,2384
25-06-2018,2360
26-06-2018,2336
27-06-2018,2313
28-06-2018,2289
29-06-2018,2266
30-06-2018,2243
7/1/2018,2219
7/2/2018,2196
7/3/2018,2193
7/4/2018,2174
7/5/2018,2153
7/6/2018,2133
7/7/2018,2111
7/8/2018,2090
7/9/2018,2069
7/10/2018,2047
7/11/2018,2026
7/12/2018,2011
13-07-2018,1991
14-07-2018,1972
15-07-2018,1953
16-07-2018,1934
17-07-2018,1913
18-07-2018,1893
19-07-2018,1873
20-07-2018,1853
21-07-2018,1833
22-07-2018,1813
23-07-2018,1793
24-07-2018,1773
25-07-2018,1754
26-07-2018,1734
27-07-2018,1716
28-07-2018,1698
29-07-2018,1680
30-07-2018,1661
31-07-2018,1642
8/1/2018,1624
8/2/2018,1606
8/3/2018,1587
8/4/2018,1569
8/5/2018,1552
8/6/2018,1533
8/7/2018,1516
8/8/2018,1500
8/9/2018,1482
8/10/2018,1466
8/11/2018,1450
8/12/2018,1435
13-08-2018,1421
14-08-2018,1407
15-08-2018,1400
16-08-2018,1384
17-08-2018,1369
18-08-2018,1354
19-08-2018,1339
20-08-2018,1324
21-08-2018,1310
22-08-2018,1298
23-08-2018,1285
24-08-2018,1273
25-08-2018,1259
26-08-2018,1247
27-08-2018,1234
28-08-2018,1222
29-08-2018,1209
30-08-2018,1197
31-08-2018,1185
9/1/2018,1172
9/2/2018,1160
9/3/2018,1148
9/4/2018,1135
9/5/2018,1123
9/6/2018,1110
9/7/2018,1097
9/8/2018,1083
9/9/2018,1071
9/10/2018,1058
9/11/2018,1045
9/12/2018,1033
13-09-2018,1021
14-09-2018,1008
15-09-2018,996
16-09-2018,981
17-09-2018,979
18-09-2018,977
19-09-2018,987
20-09-2018,975
21-09-2018,963
22-09-2018,950
23-09-2018,938
24-09-2018,925
25-09-2018,912
26-09-2018,900
27-09-2018,888
28-09-2018,876
29-09-2018,869
30-09-2018,885
10/1/2018,917
10/2/2018,957
10/3/2018,996
10/4/2018,1034
10/5/2018,1105
10/6/2018,1168
10/7/2018,1192
10/8/2018,1219
10/9/2018,1253
10/10/2018,1291
10/11/2018,1330
10/12/2018,1370
13-10-2018,1397
14-10-2018,1430
15-10-2018,1468
16-10-2018,1506
17-10-2018,1536
18-10-2018,1565
19-10-2018,1594
20-10-2018,1621
21-10-2018,1646
22-10-2018,1672
23-10-2018,1700
24-10-2018,1728
25-10-2018,1755
26-10-2018,1778
27-10-2018,1798
28-10-2018,1815
29-10-2018,1800
30-10-2018,1779
31-10-2018,1755
11/1/2018,1756
11/2/2018,1761
11/3/2018,1758
11/4/2018,1750
11/5/2018,1743
11/6/2018,1736
11/7/2018,1730
11/8/2018,1724
11/9/2018,1717
11/10/2018,1710
11/11/2018,1699
11/12/2018,1686
13-11-2018,1675
14-11-2018,1662
15-11-2018,1651
16-11-2018,1641
17-11-2018,1630
18-11-2018,1619
19-11-2018,1604
20-11-2018,1578
21-11-2018,1585
22-11-2018,1645
23-11-2018,1752
24-11-2018,1773
25-11-2018,1775
26-11-2018,1768
27-11-2018,1758
28-11-2018,1746
29-11-2018,1734
30-11-2018,1721
12/1/2018,1708
12/2/2018,1694
12/3/2018,1681
12/4/2018,1674
12/5/2018,1704
12/6/2018,1720
12/7/2018,1716
12/8/2018,1708
12/9/2018,1696
12/10/2018,1683
12/11/2018,1670
12/12/2018,1657
13-12-2018,1644
14-12-2018,1631
15-12-2018,1617
16-12-2018,1602
17-12-2018,1588
18-12-2018,1575
19-12-2018,1561
20-12-2018,1548
21-12-2018,1535
22-12-2018,1522
23-12-2018,1508
24-12-2018,1495
25-12-2018,1480
26-12-2018,1468
27-12-2018,1455
28-12-2018,1442
29-12-2018,1429
30-12-2018,1415
31-12-2018,1402
1/1/2019,1389
1/2/2019,1376
1/3/2019,1364
1/4/2019,1351
1/5/2019,1338
1/6/2019,1324
1/7/2019,1311
1/8/2019,1298
1/9/2019,1285
1/10/2019,1273
1/11/2019,1261
1/12/2019,1249
13-01-2019,1236
14-01-2019,1225
15-01-2019,1214
16-01-2019,1201
17-01-2019,1188
18-01-2019,1175
19-01-2019,1162
20-01-2019,1149
21-01-2019,1136
22-01-2019,1124
23-01-2019,1112
24-01-2019,1100
25-01-2019,1088
26-01-2019,1077
27-01-2019,1064
28-01-2019,1054
29-01-2019,1042
30-01-2019,1030
31-01-2019,1019
2/1/2019,1008
2/2/2019,996
2/3/2019,983
2/4/2019,971
2/5/2019,960
2/6/2019,949
2/7/2019,938
2/8/2019,927
2/9/2019,916
2/10/2019,904
2/11/2019,893
2/12/2019,885
13-02-2019,878
14-02-2019,876
15-02-2019,883
16-02-2019,904
17-02-2019,926
18-02-2019,948
19-02-2019,972
20-02-2019,997
21-02-2019,1018
22-02-2019,1035
23-02-2019,1051
24-02-2019,1061
25-02-2019,1070
26-02-2019,1074
27-02-2019,1073
28-02-2019,1072
3/1/2019,1067
3/2/2019,1060
3/3/2019,1049
3/4/2019,1038
3/5/2019,1027
3/6/2019,1016
3/7/2019,1004
3/8/2019,993
3/9/2019,980
3/10/2019,968
3/11/2019,956
3/12/2019,945
13-03-2019,931
14-03-2019,920
15-03-2019,906
16-03-2019,895
17-03-2019,883
18-03-2019,871
19-03-2019,859
20-03-2019,859
21-03-2019,833
22-03-2019,821
23-03-2019,809
24-03-2019,795
25-03-2019,782
26-03-2019,809
27-03-2019,754
28-03-2019,741
29-03-2019,727
30-03-2019,712
31-03-2019,712
4/1/2019,686
4/2/2019,673
4/3/2019,662
4/4/2019,652
4/5/2019,640
4/6/2019,629
4/7/2019,618
4/8/2019,605
4/9/2019,593
4/10/2019,581
4/11/2019,568
4/12/2019,556
13-04-2019,545
14-04-2019,533
15-04-2019,520
16-04-2019,508
17-04-2019,496
18-04-2019,486
19-04-2019,475
20-04-2019,462
21-04-2019,450
22-04-2019,439
23-04-2019,432
24-04-2019,415
25-04-2019,402
26-04-2019,390
27-04-2019,378
28-04-2019,366
29-04-2019,355
30-04-2019,343
5/1/2019,331
5/2/2019,320
5/3/2019,308
5/4/2019,297
5/5/2019,285
5/6/2019,274
5/7/2019,261
5/8/2019,251
5/9/2019,239
5/10/2019,228
5/11/2019,216
5/12/2019,205
13-05-2019,193
14-05-2019,183
15-05-2019,175
16-05-2019,167
17-05-2019,159
18-05-2019,151
19-05-2019,144
20-05-2019,135
21-05-2019,127
22-05-2019,120
23-05-2019,112
24-05-2019,104
25-05-2019,97
26-05-2019,93
27-05-2019,89
28-05-2019,83
29-05-2019,76
30-05-2019,70
31-05-2019,65
6/1/2019,61
6/2/2019,58
6/3/2019,55
6/4/2019,52
6/5/2019,50
6/6/2019,48
6/7/2019,46
6/8/2019,44
6/9/2019,42
6/10/2019,38
6/11/2019,36
6/12/2019,34
13-06-2019,31
14-06-2019,29
15-06-2019,28
16-06-2019,27
17-06-2019,26
18-06-2019,25
19-06-2019,24
20-06-2019,23
21-06-2019,22
22-06-2019,21
23-06-2019,21
24-06-2019,20
25-06-2019,20
26-06-2019,19
27-06-2019,18
28-06-2019,18
29-06-2019,18
30-06-2019,18
7/1/2019,18
7/2/2019,17
7/3/2019,17
7/4/2019,17
7/5/2019,17
7/6/2019,17
7/7/2019,17
7/8/2019,17
7/9/2019,17
7/10/2019,16
7/11/2019,16
7/12/2019,16
13-07-2019,16
14-07-2019,16
15-07-2019,16
16-07-2019,16
17-07-2019,16
18-07-2019,16
19-07-2019,16
20-07-2019,16
21-07-2019,16
22-07-2019,16
23-07-2019,16
24-07-2019,16
25-07-2019,16
26-07-2019,16
27-07-2019,16
28-07-2019,16
29-07-2019,16
30-07-2019,16
31-07-2019,16
8/1/2019,16
8/2/2019,16
8/3/2019,16
8/4/2019,16
8/5/2019,16
8/6/2019,16
8/7/2019,16
8/8/2019,16
8/9/2019,16
8/10/2019,16
8/11/2019,16
8/12/2019,16
13-08-2019,16
14-08-2019,16
15-08-2019,16
16-08-2019,16
17-08-2019,16
18-08-2019,16
19-08-2019,16
20-08-2019,16
21-08-2019,16
22-08-2019,16
23-08-2019,16
24-08-2019,16
25-08-2019,16
26-08-2019,16
27-08-2019,16
28-08-2019,16
29-08-2019,16
30-08-2019,16
31-08-2019,16
9/1/2019,16
9/2/2019,16
9/3/2019,16
9/4/2019,16
9/5/2019,16
9/6/2019,16
9/7/2019,16
9/8/2019,16
9/9/2019,16
9/10/2019,15
9/11/2019,15
9/12/2019,15
13-09-2019,15
14-09-2019,15
15-09-2019,15
16-09-2019,15
